1,3517119,15506,111-Cty Bot giat LIX-NR,Kinh Doanh
2,3517120,15506,111-Cty Bot giat LIX-NR,Kinh Doanh
3,3517121,15506,111-Cty Bot giat LIX-NR,Kinh Doanh
4,3422431,16506,110-CTyTNHHSXTMDVDaiPhuocThanh-NR,Kinh Doanh
5,3513556,20779,111-CTyTNHH WILMAR MARKETING CLV-HP,Kinh Doanh
6,3515339,17733,100-CTY TNHH SX& XD TMDVXNK VINA-NR,Kinh Doanh
7,3501639,20484,100-CTYCP DUOC PHAM&SINH HOC YTE-NR,Kinh Doanh
8,3501640,20484,100-CTYCP DUOC PHAM&SINH HOC YTE-NR,Kinh Doanh
9,3501641,20484,100-CTYCP DUOC PHAM&SINH HOC YTE-NR,Kinh Doanh
10,3329700,16506,110-CTyTNHHSXTMDVDaiPhuocThanh-NR,Kinh Doanh
11,3386499,15506,111-Cty Bot giat LIX-NR,Kinh Doanh
12,3386500,15506,111-Cty Bot giat LIX-NR,Kinh Doanh
13,3386501,15506,111-Cty Bot giat LIX-NR,Kinh Doanh
14,3386502,15506,111-Cty Bot giat LIX-NR,Kinh Doanh
15,3386503,15506,111-Cty Bot giat LIX-NR,Kinh Doanh
16,3386504,15506,111-Cty Bot giat LIX-NR,Kinh Doanh
17,3386505,15506,111-Cty Bot giat LIX-NR,Kinh Doanh
18,3386506,15506,111-Cty Bot giat LIX-NR,Kinh Doanh
19,3386507,15506,111-Cty Bot giat LIX-NR,Kinh Doanh
20,3386508,15506,111-Cty Bot giat LIX-NR,Kinh Doanh
21,3386509,15506,111-Cty Bot giat LIX-NR,Kinh Doanh
22,3491227,15506,111-Cty Bot giat LIX-NR,Kinh Doanh
23,3008485,12483,110-Cty TNHH SXTM TyTy(HMP),Kinh Doanh
24,3295614,15506,111-Cty Bot giat LIX-NR,Kinh Doanh
25,3497823,15506,111-Cty Bot giat LIX-NR,Kinh Doanh
26,3372479,16506,110-CTyTNHHSXTMDVDaiPhuocThanh-NR,Kinh Doanh
27,3054651,12483,110-Cty TNHH SXTM TyTy(HMP),Kinh Doanh
28,3257943,16760,110-Cua Hang Hue Lam,Kinh Doanh
29,3257947,16760,110-Cua Hang Hue Lam,Kinh Doanh
30,3257948,16760,110-Cua Hang Hue Lam,Kinh Doanh
31,3314153,15506,111-Cty Bot giat LIX-NR,Kinh Doanh
32,3314154,15506,111-Cty Bot giat LIX-NR,Kinh Doanh
33,3123559,12483,110-Cty TNHH SXTM TyTy(HMP),Kinh Doanh
34,3250058,15506,111-Cty Bot giat LIX-NR,Kinh Doanh
35,3250059,15506,111-Cty Bot giat LIX-NR,Kinh Doanh
36,3284516,15506,111-Cty Bot giat LIX-NR,Kinh Doanh
37,3008472,14653,110-DNTN Dai Phat,Kinh Doanh
38,3008478,12483,110-Cty TNHH SXTM TyTy(HMP),Kinh Doanh
39,3008479,12483,110-Cty TNHH SXTM TyTy(HMP),Kinh Doanh
40,3008481,12483,110-Cty TNHH SXTM TyTy(HMP),Kinh Doanh
41,3008482,12483,110-Cty TNHH SXTM TyTy(HMP),Kinh Doanh
42,3008490,12483,110-Cty TNHH SXTM TyTy(HMP),Kinh Doanh
43,3449108,16506,110-CTyTNHHSXTMDVDaiPhuocThanh-NR,Kinh Doanh
44,3140316,14530,110-Co so Nguyen Van Sau,Kinh Doanh
45,3493891,16506,110-CTyTNHHSXTMDVDaiPhuocThanh-NR,Kinh Doanh
46,3493892,16506,110-CTyTNHHSXTMDVDaiPhuocThanh-NR,Kinh Doanh
47,3525066,21076,110-Cong Ty TNHH SALACOS -NR,Kinh Doanh
48,3282741,16760,110-Cua Hang Hue Lam,Kinh Doanh
49,3535758,21076,110-Cong Ty TNHH SALACOS -NR,Kinh Doanh
50,3515340,17733,100-CTY TNHH SX& XD TMDVXNK VINA-NR,Kinh Doanh
51,3515343,17733,100-CTY TNHH SX& XD TMDVXNK VINA-NR,Kinh Doanh
52,3513552,20779,111-CTyTNHH WILMAR MARKETING CLV-HP,Kinh Doanh
53,3513554,20779,111-CTyTNHH WILMAR MARKETING CLV-HP,Kinh Doanh
54,3513555,20779,111-CTyTNHH WILMAR MARKETING CLV-HP,Kinh Doanh
55,3521129,20484,100-CTYCP DUOC PHAM&SINH HOC YTE-NR,Kinh Doanh
56,3521130,20484,100-CTYCP DUOC PHAM&SINH HOC YTE-NR,Kinh Doanh
57,3521131,17733,100-CTY TNHH SX& XD TMDVXNK VINA-NR,Kinh Doanh
58,3314147,15506,111-Cty Bot giat LIX-NR,Kinh Doanh
59,3452209,15506,111-Cty Bot giat LIX-NR,Kinh Doanh
60,3452211,17559,110-CONG TY TNHH NTPM(VIET NAM)-NR,Kinh Doanh
61,3452217,17559,110-CONG TY TNHH NTPM(VIET NAM)-NR,Kinh Doanh
62,3452218,17559,110-CONG TY TNHH NTPM(VIET NAM)-NR,Kinh Doanh
63,3452220,17559,110-CONG TY TNHH NTPM(VIET NAM)-NR,Kinh Doanh
64,3452222,17559,110-CONG TY TNHH NTPM(VIET NAM)-NR,Kinh Doanh
65,3452223,17559,110-CONG TY TNHH NTPM(VIET NAM)-NR,Kinh Doanh
66,3184818,15506,111-Cty Bot giat LIX-NR,Kinh Doanh
67,3184823,15506,111-Cty Bot giat LIX-NR,Kinh Doanh
68,3184824,15506,111-Cty Bot giat LIX-NR,Kinh Doanh
69,3500596,17559,110-CONG TY TNHH NTPM(VIET NAM)-NR,Kinh Doanh
70,3160021,15506,111-Cty Bot giat LIX-NR,Kinh Doanh
71,3160022,15506,111-Cty Bot giat LIX-NR,Kinh Doanh
72,3160023,15506,111-Cty Bot giat LIX-NR,Kinh Doanh
73,3160024,15506,111-Cty Bot giat LIX-NR,Kinh Doanh
74,3288046,15800,110-Cty TNHH 1TV Tri Hoi,Kinh Doanh
75,3333828,15506,111-Cty Bot giat LIX-NR,Kinh Doanh
76,3333830,15506,111-Cty Bot giat LIX-NR,Kinh Doanh
77,3333833,15506,111-Cty Bot giat LIX-NR,Kinh Doanh
78,3333834,15506,111-Cty Bot giat LIX-NR,Kinh Doanh
79,3333835,15506,111-Cty Bot giat LIX-NR,Kinh Doanh
80,3372212,15506,111-Cty Bot giat LIX-NR,Kinh Doanh
81,3372213,15506,111-Cty Bot giat LIX-NR,Kinh Doanh
82,3372214,15506,111-Cty Bot giat LIX-NR,Kinh Doanh
83,3372481,16506,110-CTyTNHHSXTMDVDaiPhuocThanh-NR,Kinh Doanh
84,3530731,21076,110-Cong Ty TNHH SALACOS -NR,Kinh Doanh
85,3530732,21076,110-Cong Ty TNHH SALACOS -NR,Kinh Doanh
86,3530733,21076,110-Cong Ty TNHH SALACOS -NR,Kinh Doanh
87,3530734,21076,110-Cong Ty TNHH SALACOS -NR,Kinh Doanh
88,3523764,17559,110-CONG TY TNHH NTPM(VIET NAM)-NR,Kinh Doanh
89,3523765,17559,110-CONG TY TNHH NTPM(VIET NAM)-NR,Kinh Doanh
90,3523766,17559,110-CONG TY TNHH NTPM(VIET NAM)-NR,Kinh Doanh
91,3524462,20536,100-CTYTNHH THIET BI YTE HA TRAN-NR,Kinh Doanh
92,3356098,15506,111-Cty Bot giat LIX-NR,Kinh Doanh
93,3356101,15506,111-Cty Bot giat LIX-NR,Kinh Doanh
94,3192268,16760,110-Cua Hang Hue Lam,Kinh Doanh
95,3473446,17559,110-CONG TY TNHH NTPM(VIET NAM)-NR,Kinh Doanh
96,3277949,15506,111-Cty Bot giat LIX-NR,Kinh Doanh
97,3277950,15506,111-Cty Bot giat LIX-NR,Kinh Doanh
98,3501642,20484,100-CTYCP DUOC PHAM&SINH HOC YTE-NR,Kinh Doanh
99,3553316,20779,111-CTyTNHH WILMAR MARKETING CLV-HP,Kinh Doanh
100,3269076,16506,110-CTyTNHHSXTMDVDaiPhuocThanh-NR,Kinh Doanh
101,3271310,16760,110-Cua Hang Hue Lam,Kinh Doanh
102,3320019,15506,111-Cty Bot giat LIX-NR,Kinh Doanh
103,3535759,21076,110-Cong Ty TNHH SALACOS -NR,Kinh Doanh
104,3535760,21076,110-Cong Ty TNHH SALACOS -NR,Kinh Doanh
105,3535761,21076,110-Cong Ty TNHH SALACOS -NR,Kinh Doanh
106,3537271,17733,100-CTY TNHH SX& XD TMDVXNK VINA-NR,Kinh Doanh
107,3437745,15506,111-Cty Bot giat LIX-NR,Kinh Doanh
108,3437748,15506,111-Cty Bot giat LIX-NR,Kinh Doanh
109,3437749,15506,111-Cty Bot giat LIX-NR,Kinh Doanh
110,3525067,21076,110-Cong Ty TNHH SALACOS -NR,Kinh Doanh
111,3525068,21076,110-Cong Ty TNHH SALACOS -NR,Kinh Doanh
112,3525069,21076,110-Cong Ty TNHH SALACOS -NR,Kinh Doanh
113,3525116,20484,100-CTYCP DUOC PHAM&SINH HOC YTE-NR,Kinh Doanh
114,3527979,17559,110-CONG TY TNHH NTPM(VIET NAM)-NR,Kinh Doanh
115,3527980,17733,100-CTY TNHH SX& XD TMDVXNK VINA-NR,Kinh Doanh
116,3282513,15506,111-Cty Bot giat LIX-NR,Kinh Doanh
117,3282735,16760,110-Cua Hang Hue Lam,Kinh Doanh
118,3282736,16760,110-Cua Hang Hue Lam,Kinh Doanh
119,3282737,16760,110-Cua Hang Hue Lam,Kinh Doanh
120,3217101,15506,111-Cty Bot giat LIX-NR,Kinh Doanh
121,3217105,15506,111-Cty Bot giat LIX-NR,Kinh Doanh
122,3110820,15790,110-CTy CP HMP My Hao,Kinh Doanh
123,3110821,15790,110-CTy CP HMP My Hao,Kinh Doanh
124,3422432,16506,110-CTyTNHHSXTMDVDaiPhuocThanh-NR,Kinh Doanh
125,3007093,15790,110-CTy CP HMP My Hao,Kinh Doanh
126,3343735,15506,111-Cty Bot giat LIX-NR,Kinh Doanh
127,3538788,20779,111-CTyTNHH WILMAR MARKETING CLV-HP,Kinh Doanh
128,3538789,20779,111-CTyTNHH WILMAR MARKETING CLV-HP,Kinh Doanh
129,3540979,20779,111-CTyTNHH WILMAR MARKETING CLV-HP,Kinh Doanh
130,3408174,15506,111-Cty Bot giat LIX-NR,Kinh Doanh
131,3408176,15506,111-Cty Bot giat LIX-NR,Kinh Doanh
132,3503165,16760,110-Cua Hang Hue Lam,Kinh Doanh
133,3503303,20536,100-CTYTNHH THIET BI YTE HA TRAN-NR,Kinh Doanh
134,3494102,13468,100-CTY TNHH SAMRAN-NR,Kinh Doanh
135,3473447,18833,100-Cong ty CP TD Kim Duc -NR,Kinh Doanh
136,3430484,11777,100-CT CP Nhua Rang Dong Long An-NR,Kinh Doanh
137,3383607,13468,100-CTY TNHH SAMRAN-NR,Kinh Doanh
138,3434403,11773,110-CTy CP SX Nhua Duy Tan,Kinh Doanh
139,3434404,11773,110-CTy CP SX Nhua Duy Tan,Kinh Doanh
140,3477799,18833,100-Cong ty CP TD Kim Duc -NR,Kinh Doanh
141,3494103,13468,100-CTY TNHH SAMRAN-NR,Kinh Doanh
142,3480422,11773,110-CTy CP SX Nhua Duy Tan,Kinh Doanh
143,3480412,11773,110-CTy CP SX Nhua Duy Tan,Kinh Doanh
144,3494101,13468,100-CTY TNHH SAMRAN-NR,Kinh Doanh
145,3314547,11773,110-CTy CP SX Nhua Duy Tan,Kinh Doanh
146,3552976,11773,110-CTy CP SX Nhua Duy Tan,Kinh Doanh
147,3011821,11773,110-CTy CP SX Nhua Duy Tan,Kinh Doanh
148,3383608,13468,100-CTY TNHH SAMRAN-NR,Kinh Doanh
149,3392948,11773,110-CTy CP SX Nhua Duy Tan,Kinh Doanh
150,3426542,12995,100-CTy CP CB Go Duc Thanh-NR,Kinh Doanh
151,3509233,11773,110-CTy CP SX Nhua Duy Tan,Kinh Doanh
152,3507585,11773,110-CTy CP SX Nhua Duy Tan,Kinh Doanh
153,3392950,11773,110-CTy CP SX Nhua Duy Tan,Kinh Doanh
154,3392949,11773,110-CTy CP SX Nhua Duy Tan,Kinh Doanh
155,3548191,11773,110-CTy CP SX Nhua Duy Tan,Kinh Doanh
156,3422473,11773,110-CTy CP SX Nhua Duy Tan,Kinh Doanh
157,3392119,11011,100-CT TNHH SX Do Gia DungElmich-NR,Kinh Doanh
158,3055152,11773,110-CTy CP SX Nhua Duy Tan,Kinh Doanh
159,3552975,11773,110-CTy CP SX Nhua Duy Tan,Kinh Doanh
160,3419602,11773,110-CTy CP SX Nhua Duy Tan,Kinh Doanh
161,3383609,13468,100-CTY TNHH SAMRAN-NR,Kinh Doanh
162,3011822,11773,110-CTy CP SX Nhua Duy Tan,Kinh Doanh
163,3548190,11773,110-CTy CP SX Nhua Duy Tan,Kinh Doanh
164,3397927,11011,100-CT TNHH SX Do Gia DungElmich-NR,Kinh Doanh
165,3422581,11773,110-CTy CP SX Nhua Duy Tan,Kinh Doanh
166,3520312,20888,100-Cty CP SX TM Nhua Hoang Chau-NR,Kinh Doanh
167,3101976,13979,100-CTy TNHH Thuong Mai L.H,Kinh Doanh
168,3444794,11011,100-CT TNHH SX Do Gia DungElmich-NR,Kinh Doanh
169,3540798,20888,100-Cty CP SX TM Nhua Hoang Chau-NR,Kinh Doanh
170,3312779,11773,110-CTy CP SX Nhua Duy Tan,Kinh Doanh
171,3392951,11773,110-CTy CP SX Nhua Duy Tan,Kinh Doanh
172,3281321,11773,110-CTy CP SX Nhua Duy Tan,Kinh Doanh
173,3422583,11773,110-CTy CP SX Nhua Duy Tan,Kinh Doanh
174,3507858,11773,110-CTy CP SX Nhua Duy Tan,Kinh Doanh
175,3476199,11773,110-CTy CP SX Nhua Duy Tan,Kinh Doanh
176,3422582,11773,110-CTy CP SX Nhua Duy Tan,Kinh Doanh
177,3490338,11773,110-CTy CP SX Nhua Duy Tan,Kinh Doanh
178,3546389,11773,110-CTy CP SX Nhua Duy Tan,Kinh Doanh
179,3419605,11773,110-CTy CP SX Nhua Duy Tan,Kinh Doanh
180,3426543,12995,100-CTy CP CB Go Duc Thanh-NR,Kinh Doanh
181,3520313,20888,100-Cty CP SX TM Nhua Hoang Chau-NR,Kinh Doanh
182,3403438,11773,110-CTy CP SX Nhua Duy Tan,Kinh Doanh
183,3055154,11773,110-CTy CP SX Nhua Duy Tan,Kinh Doanh
184,3536400,11773,110-CTy CP SX Nhua Duy Tan,Kinh Doanh
185,3546390,11773,110-CTy CP SX Nhua Duy Tan,Kinh Doanh
186,3541391,11773,110-CTy CP SX Nhua Duy Tan,Kinh Doanh
187,3477798,18833,100-Cong ty CP TD Kim Duc -NR,Kinh Doanh
188,3509236,11773,110-CTy CP SX Nhua Duy Tan,Kinh Doanh
189,3476194,11773,110-CTy CP SX Nhua Duy Tan,Kinh Doanh
190,3508978,11773,110-CTy CP SX Nhua Duy Tan,Kinh Doanh
191,3458930,11773,110-CTy CP SX Nhua Duy Tan,Kinh Doanh
192,3419604,11773,110-CTy CP SX Nhua Duy Tan,Kinh Doanh
193,3518682,11773,110-CTy CP SX Nhua Duy Tan,Kinh Doanh
194,3281511,11773,110-CTy CP SX Nhua Duy Tan,Kinh Doanh
195,3543872,11773,110-CTy CP SX Nhua Duy Tan,Kinh Doanh
196,3190990,11777,100-CT CP Nhua Rang Dong Long An-NR,Kinh Doanh
197,3283554,11773,110-CTy CP SX Nhua Duy Tan,Kinh Doanh
198,3406717,11773,110-CTy CP SX Nhua Duy Tan,Kinh Doanh
199,3546388,11773,110-CTy CP SX Nhua Duy Tan,Kinh Doanh
200,3541390,11773,110-CTy CP SX Nhua Duy Tan,Kinh Doanh
201,3554246,11773,110-CTy CP SX Nhua Duy Tan,Kinh Doanh
202,3031989,11773,110-CTy CP SX Nhua Duy Tan,Kinh Doanh
203,3434402,11773,110-CTy CP SX Nhua Duy Tan,Kinh Doanh
204,3487674,11773,110-CTy CP SX Nhua Duy Tan,Kinh Doanh
205,3476197,11773,110-CTy CP SX Nhua Duy Tan,Kinh Doanh
206,3419131,11773,110-CTy CP SX Nhua Duy Tan,Kinh Doanh
207,3533214,11773,110-CTy CP SX Nhua Duy Tan,Kinh Doanh
208,3533215,11773,110-CTy CP SX Nhua Duy Tan,Kinh Doanh
209,3541389,11773,110-CTy CP SX Nhua Duy Tan,Kinh Doanh
210,3190991,11777,100-CT CP Nhua Rang Dong Long An-NR,Kinh Doanh
211,3528750,15208,100-CN CT CP GiaDung GOLDSUN(TP.HN),Kinh Doanh
212,3554248,11773,110-CTy CP SX Nhua Duy Tan,Kinh Doanh
213,3437855,11773,110-CTy CP SX Nhua Duy Tan,Kinh Doanh
214,3493318,11773,110-CTy CP SX Nhua Duy Tan,Kinh Doanh
215,3422258,11773,110-CTy CP SX Nhua Duy Tan,Kinh Doanh
216,3390756,11773,110-CTy CP SX Nhua Duy Tan,Kinh Doanh
217,3548189,11773,110-CTy CP SX Nhua Duy Tan,Kinh Doanh
218,3012260,11773,110-CTy CP SX Nhua Duy Tan,Kinh Doanh
219,3342477,11773,110-CTy CP SX Nhua Duy Tan,Kinh Doanh
220,3538571,11773,110-CTy CP SX Nhua Duy Tan,Kinh Doanh
221,3534601,15208,100-CN CT CP GiaDung GOLDSUN(TP.HN),Kinh Doanh
222,3217698,11777,100-CT CP Nhua Rang Dong Long An-NR,Kinh Doanh
223,3081035,11773,110-CTy CP SX Nhua Duy Tan,Kinh Doanh
224,3406719,11773,110-CTy CP SX Nhua Duy Tan,Kinh Doanh
225,3406721,11773,110-CTy CP SX Nhua Duy Tan,Kinh Doanh
226,3490337,11773,110-CTy CP SX Nhua Duy Tan,Kinh Doanh
227,3362388,11773,110-CTy CP SX Nhua Duy Tan,Kinh Doanh
228,3460722,11773,110-CTy CP SX Nhua Duy Tan,Kinh Doanh
229,3300070,11773,110-CTy CP SX Nhua Duy Tan,Kinh Doanh
230,3342479,11773,110-CTy CP SX Nhua Duy Tan,Kinh Doanh
231,3449943,16964,100-CTy TNHH Tan Hop Thanh,Kinh Doanh
232,3538906,15208,100-CN CT CP GiaDung GOLDSUN(TP.HN),Kinh Doanh
233,3496127,15208,100-CN CT CP GiaDung GOLDSUN(TP.HN),Kinh Doanh
234,3387567,16964,100-CTy TNHH Tan Hop Thanh,Kinh Doanh
235,3387568,16964,100-CTy TNHH Tan Hop Thanh,Kinh Doanh
236,3368150,11773,110-CTy CP SX Nhua Duy Tan,Kinh Doanh
237,3476200,11773,110-CTy CP SX Nhua Duy Tan,Kinh Doanh
238,3543870,11773,110-CTy CP SX Nhua Duy Tan,Kinh Doanh
239,3032106,11773,110-CTy CP SX Nhua Duy Tan,Kinh Doanh
240,3457915,11773,110-CTy CP SX Nhua Duy Tan,Kinh Doanh
241,3279757,11773,110-CTy CP SX Nhua Duy Tan,Kinh Doanh
242,3406723,11773,110-CTy CP SX Nhua Duy Tan,Kinh Doanh
243,3536397,11773,110-CTy CP SX Nhua Duy Tan,Kinh Doanh
244,3490335,11773,110-CTy CP SX Nhua Duy Tan,Kinh Doanh
245,3509253,11773,110-CTy CP SX Nhua Duy Tan,Kinh Doanh
246,3422249,11773,110-CTy CP SX Nhua Duy Tan,Kinh Doanh
247,3546391,11773,110-CTy CP SX Nhua Duy Tan,Kinh Doanh
248,3547498,11773,110-CTy CP SX Nhua Duy Tan,Kinh Doanh
249,3383606,13468,100-CTY TNHH SAMRAN-NR,Kinh Doanh
250,3348367,16964,100-CTy TNHH Tan Hop Thanh,Kinh Doanh
251,3387569,16964,100-CTy TNHH Tan Hop Thanh,Kinh Doanh
252,3374925,16964,100-CTy TNHH Tan Hop Thanh,Kinh Doanh
253,3542948,16964,100-CTy TNHH Tan Hop Thanh,Kinh Doanh
254,3298487,16964,100-CTy TNHH Tan Hop Thanh,Kinh Doanh
255,3518223,15208,100-CN CT CP GiaDung GOLDSUN(TP.HN),Kinh Doanh
256,3311633,10985,100-Cty TM&PT Cong Nghe Kolend,Kinh Doanh
257,3493423,15208,100-CN CT CP GiaDung GOLDSUN(TP.HN),Kinh Doanh
258,3534020,15208,100-CN CT CP GiaDung GOLDSUN(TP.HN),Kinh Doanh
259,3436535,11773,110-CTy CP SX Nhua Duy Tan,Kinh Doanh
260,3547927,11773,110-CTy CP SX Nhua Duy Tan,Kinh Doanh
261,3437856,11773,110-CTy CP SX Nhua Duy Tan,Kinh Doanh
262,3519560,11773,110-CTy CP SX Nhua Duy Tan,Kinh Doanh
263,3519561,11773,110-CTy CP SX Nhua Duy Tan,Kinh Doanh
264,3279756,11773,110-CTy CP SX Nhua Duy Tan,Kinh Doanh
265,3392947,11773,110-CTy CP SX Nhua Duy Tan,Kinh Doanh
266,3523181,11773,110-CTy CP SX Nhua Duy Tan,Kinh Doanh
267,3513945,11773,110-CTy CP SX Nhua Duy Tan,Kinh Doanh
268,3450271,11773,110-CTy CP SX Nhua Duy Tan,Kinh Doanh
269,3012259,11773,110-CTy CP SX Nhua Duy Tan,Kinh Doanh
270,3413586,11773,110-CTy CP SX Nhua Duy Tan,Kinh Doanh
271,3547499,11773,110-CTy CP SX Nhua Duy Tan,Kinh Doanh
272,3541386,11773,110-CTy CP SX Nhua Duy Tan,Kinh Doanh
273,3541924,11773,110-CTy CP SX Nhua Duy Tan,Kinh Doanh
274,3055289,10985,100-Cty TM&PT Cong Nghe Kolend,Kinh Doanh
275,3430008,16964,100-CTy TNHH Tan Hop Thanh,Kinh Doanh
276,3430009,16964,100-CTy TNHH Tan Hop Thanh,Kinh Doanh
277,3542949,16964,100-CTy TNHH Tan Hop Thanh,Kinh Doanh
278,3542950,16964,100-CTy TNHH Tan Hop Thanh,Kinh Doanh
279,3430007,16964,100-CTy TNHH Tan Hop Thanh,Kinh Doanh
280,3327144,16964,100-CTy TNHH Tan Hop Thanh,Kinh Doanh
281,3449947,16964,100-CTy TNHH Tan Hop Thanh,Kinh Doanh
282,3374926,16964,100-CTy TNHH Tan Hop Thanh,Kinh Doanh
283,3311748,16964,100-CTy TNHH Tan Hop Thanh,Kinh Doanh
284,3364612,16964,100-CTy TNHH Tan Hop Thanh,Kinh Doanh
285,3542951,16964,100-CTy TNHH Tan Hop Thanh,Kinh Doanh
286,3343029,16964,100-CTy TNHH Tan Hop Thanh,Kinh Doanh
287,3343030,16964,100-CTy TNHH Tan Hop Thanh,Kinh Doanh
288,3343031,16964,100-CTy TNHH Tan Hop Thanh,Kinh Doanh
289,3550808,15208,100-CN CT CP GiaDung GOLDSUN(TP.HN),Kinh Doanh
290,3541466,15208,100-CN CT CP GiaDung GOLDSUN(TP.HN),Kinh Doanh
291,3518675,15208,100-CN CT CP GiaDung GOLDSUN(TP.HN),Kinh Doanh
292,3518676,15208,100-CN CT CP GiaDung GOLDSUN(TP.HN),Kinh Doanh
293,3531392,15208,100-CN CT CP GiaDung GOLDSUN(TP.HN),Kinh Doanh
294,3523140,15208,100-CN CT CP GiaDung GOLDSUN(TP.HN),Kinh Doanh
295,3496126,15208,100-CN CT CP GiaDung GOLDSUN(TP.HN),Kinh Doanh
296,3518677,15208,100-CN CT CP GiaDung GOLDSUN(TP.HN),Kinh Doanh
297,3537715,15208,100-CN CT CP GiaDung GOLDSUN(TP.HN),Kinh Doanh
298,3541467,15208,100-CN CT CP GiaDung GOLDSUN(TP.HN),Kinh Doanh
299,3517501,11773,110-CTy CP SX Nhua Duy Tan,Kinh Doanh
300,3554245,11773,110-CTy CP SX Nhua Duy Tan,Kinh Doanh
301,3550850,11773,110-CTy CP SX Nhua Duy Tan,Kinh Doanh
302,3055153,11773,110-CTy CP SX Nhua Duy Tan,Kinh Doanh
303,3260454,11773,110-CTy CP SX Nhua Duy Tan,Kinh Doanh
304,3382941,11773,110-CTy CP SX Nhua Duy Tan,Kinh Doanh
305,3434401,11773,110-CTy CP SX Nhua Duy Tan,Kinh Doanh
306,3515856,11773,110-CTy CP SX Nhua Duy Tan,Kinh Doanh
307,3288346,11773,110-CTy CP SX Nhua Duy Tan,Kinh Doanh
308,3446427,11773,110-CTy CP SX Nhua Duy Tan,Kinh Doanh
309,3342478,11773,110-CTy CP SX Nhua Duy Tan,Kinh Doanh
310,3300071,11773,110-CTy CP SX Nhua Duy Tan,Kinh Doanh
311,3344279,11773,110-CTy CP SX Nhua Duy Tan,Kinh Doanh
312,3541385,11773,110-CTy CP SX Nhua Duy Tan,Kinh Doanh
313,3541939,11773,110-CTy CP SX Nhua Duy Tan,Kinh Doanh
314,3348369,16964,100-CTy TNHH Tan Hop Thanh,Kinh Doanh
315,3318296,16964,100-CTy TNHH Tan Hop Thanh,Kinh Doanh
316,3475383,16964,100-CTy TNHH Tan Hop Thanh,Kinh Doanh
317,3348368,16964,100-CTy TNHH Tan Hop Thanh,Kinh Doanh
318,3327143,16964,100-CTy TNHH Tan Hop Thanh,Kinh Doanh
319,3350607,16964,100-CTy TNHH Tan Hop Thanh,Kinh Doanh
320,3055291,10985,100-Cty TM&PT Cong Nghe Kolend,Kinh Doanh
321,3440906,16964,100-CTy TNHH Tan Hop Thanh,Kinh Doanh
322,3102010,13979,100-CTy TNHH Thuong Mai L.H,Kinh Doanh
323,3406659,16964,100-CTy TNHH Tan Hop Thanh,Kinh Doanh
324,3298489,16964,100-CTy TNHH Tan Hop Thanh,Kinh Doanh
325,3494100,13468,100-CTY TNHH SAMRAN-NR,Kinh Doanh
326,3430483,11777,100-CT CP Nhua Rang Dong Long An-NR,Kinh Doanh
327,3543335,15208,100-CN CT CP GiaDung GOLDSUN(TP.HN),Kinh Doanh
328,3528752,15208,100-CN CT CP GiaDung GOLDSUN(TP.HN),Kinh Doanh
329,3557777,15208,100-CN CT CP GiaDung GOLDSUN(TP.HN),Kinh Doanh
330,3523141,15208,100-CN CT CP GiaDung GOLDSUN(TP.HN),Kinh Doanh
331,3528748,15208,100-CN CT CP GiaDung GOLDSUN(TP.HN),Kinh Doanh
332,3535084,15208,100-CN CT CP GiaDung GOLDSUN(TP.HN),Kinh Doanh
333,3557778,15208,100-CN CT CP GiaDung GOLDSUN(TP.HN),Kinh Doanh
334,3055280,12989,100-CTY TNHH SAMRAN,KHONG KINH DOANH
335,3012794,12989,100-CTY TNHH SAMRAN,Kinh Doanh
336,3253175,12989,100-CTY TNHH SAMRAN,Kinh Doanh
337,3382457,12989,100-CTY TNHH SAMRAN,Kinh Doanh
338,3487366,12989,100-CTY TNHH SAMRAN,Kinh Doanh
339,3223203,12989,100-CTY TNHH SAMRAN,Kinh Doanh
340,3307987,12989,100-CTY TNHH SAMRAN,Kinh Doanh
341,3246587,12989,100-CTY TNHH SAMRAN,Kinh Doanh
342,3300069,12989,100-CTY TNHH SAMRAN,Kinh Doanh
343,3480381,21018,100-Congty CP Phuc Long Heritage-NR,Kinh Doanh
344,3232249,21018,100-Congty CP Phuc Long Heritage-NR,Kinh Doanh
345,3232250,21018,100-Congty CP Phuc Long Heritage-NR,Kinh Doanh
346,3334803,20944,111-Cty TNHH Luong Thuc Angimex-NR,Kinh Doanh
347,3334806,20944,111-Cty TNHH Luong Thuc Angimex-NR,Kinh Doanh
348,3158922,20944,111-Cty TNHH Luong Thuc Angimex-NR,Kinh Doanh
349,3278393,20944,111-Cty TNHH Luong Thuc Angimex-NR,Kinh Doanh
350,3278394,20944,111-Cty TNHH Luong Thuc Angimex-NR,Kinh Doanh
351,3365055,20944,111-Cty TNHH Luong Thuc Angimex-NR,Kinh Doanh
352,3507730,20846,111-Cty Co Phan Tap Doan KIDO ,Kinh Doanh
353,3507731,20846,111-Cty Co Phan Tap Doan KIDO ,Kinh Doanh
354,3284188,20846,111-Cty Co Phan Tap Doan KIDO ,Kinh Doanh
355,3284196,20846,111-Cty Co Phan Tap Doan KIDO ,Kinh Doanh
356,3368786,20846,111-Cty Co Phan Tap Doan KIDO ,Kinh Doanh
357,3496755,20846,111-Cty Co Phan Tap Doan KIDO ,Kinh Doanh
358,3496756,20846,111-Cty Co Phan Tap Doan KIDO ,Kinh Doanh
359,3225551,20846,111-Cty Co Phan Tap Doan KIDO ,Kinh Doanh
360,3253189,20846,111-Cty Co Phan Tap Doan KIDO ,Kinh Doanh
361,3138983,20846,111-Cty Co Phan Tap Doan KIDO ,Kinh Doanh
362,3431914,20846,111-Cty Co Phan Tap Doan KIDO ,Kinh Doanh
363,3431961,20846,111-Cty Co Phan Tap Doan KIDO ,Kinh Doanh
364,3430767,20846,111-Cty Co Phan Tap Doan KIDO ,Kinh Doanh
365,3430768,20846,111-Cty Co Phan Tap Doan KIDO ,Kinh Doanh
366,3430769,20846,111-Cty Co Phan Tap Doan KIDO ,Kinh Doanh
367,3431039,20846,111-Cty Co Phan Tap Doan KIDO ,Kinh Doanh
368,3431040,20846,111-Cty Co Phan Tap Doan KIDO ,Kinh Doanh
369,3003245,20846,111-Cty Co Phan Tap Doan KIDO ,Kinh Doanh
370,3003246,20846,111-Cty Co Phan Tap Doan KIDO ,Kinh Doanh
371,3003356,20846,111-Cty Co Phan Tap Doan KIDO ,Kinh Doanh
372,3003358,20846,111-Cty Co Phan Tap Doan KIDO ,Kinh Doanh
373,3003359,20846,111-Cty Co Phan Tap Doan KIDO ,Kinh Doanh
374,3003360,20846,111-Cty Co Phan Tap Doan KIDO ,Kinh Doanh
375,3003368,20846,111-Cty Co Phan Tap Doan KIDO ,Kinh Doanh
376,3003369,20846,111-Cty Co Phan Tap Doan KIDO ,Kinh Doanh
377,3003383,20846,111-Cty Co Phan Tap Doan KIDO ,Kinh Doanh
378,3003388,20846,111-Cty Co Phan Tap Doan KIDO ,Kinh Doanh
379,3003389,20846,111-Cty Co Phan Tap Doan KIDO ,Kinh Doanh
380,3003424,20846,111-Cty Co Phan Tap Doan KIDO ,Kinh Doanh
381,3003425,20846,111-Cty Co Phan Tap Doan KIDO ,Kinh Doanh
382,3500252,20846,111-Cty Co Phan Tap Doan KIDO ,Kinh Doanh
383,3255354,20846,111-Cty Co Phan Tap Doan KIDO ,Kinh Doanh
384,3312942,20846,111-Cty Co Phan Tap Doan KIDO ,Kinh Doanh
385,3446824,20846,111-Cty Co Phan Tap Doan KIDO ,Kinh Doanh
386,3533269,20846,111-Cty Co Phan Tap Doan KIDO ,Kinh Doanh
387,3533840,20846,111-Cty Co Phan Tap Doan KIDO ,Kinh Doanh
388,3450830,20846,111-Cty Co Phan Tap Doan KIDO ,Kinh Doanh
389,3466390,20846,111-Cty Co Phan Tap Doan KIDO ,Kinh Doanh
390,3447980,20846,111-Cty Co Phan Tap Doan KIDO ,Kinh Doanh
391,3515394,20812,100-Cty CP TP ThNhien King Green-NR,Kinh Doanh
392,3515395,20812,100-Cty CP TP ThNhien King Green-NR,Kinh Doanh
393,3530862,20812,100-Cty CP TP ThNhien King Green-NR,Kinh Doanh
394,3519042,20812,100-Cty CP TP ThNhien King Green-NR,Kinh Doanh
395,3519043,20812,100-Cty CP TP ThNhien King Green-NR,Kinh Doanh
396,3519044,20812,100-Cty CP TP ThNhien King Green-NR,Kinh Doanh
397,3519045,20812,100-Cty CP TP ThNhien King Green-NR,Kinh Doanh
398,3525167,20812,100-Cty CP TP ThNhien King Green-NR,Kinh Doanh
399,3524071,20734,100-Cty CP Dau Tu Hai Thien Minh-NR,Kinh Doanh
400,3524072,20734,100-Cty CP Dau Tu Hai Thien Minh-NR,Kinh Doanh
401,3510699,20734,100-Cty CP Dau Tu Hai Thien Minh-NR,Kinh Doanh
402,3510700,20734,100-Cty CP Dau Tu Hai Thien Minh-NR,Kinh Doanh
403,3416681,20142,111-Cty TNHH Wilmar Mar.CLV-Sua ,Kinh Doanh
404,3430952,20142,111-Cty TNHH Wilmar Mar.CLV-Sua ,Kinh Doanh
405,3433445,20142,111-Cty TNHH Wilmar Mar.CLV-Sua ,Kinh Doanh
406,3113220,20142,111-Cty TNHH Wilmar Mar.CLV-Sua ,Kinh Doanh
407,3113222,20142,111-Cty TNHH Wilmar Mar.CLV-Sua ,Kinh Doanh
408,3341297,19939,100-Cty TNHH Muoi Thanh Phat-NR,Kinh Doanh
409,3341298,19939,100-Cty TNHH Muoi Thanh Phat-NR,Kinh Doanh
410,3442900,19939,100-Cty TNHH Muoi Thanh Phat-NR,Kinh Doanh
411,3459106,19939,100-Cty TNHH Muoi Thanh Phat-NR,Kinh Doanh
412,3341299,19939,100-Cty TNHH Muoi Thanh Phat-NR,Kinh Doanh
413,3284683,19219,130-Cty TNHH Nabati Viet Nam,Kinh Doanh
414,3373113,19219,130-Cty TNHH Nabati Viet Nam,Kinh Doanh
415,3529244,19219,130-Cty TNHH Nabati Viet Nam,Kinh Doanh
416,3529247,19219,130-Cty TNHH Nabati Viet Nam,Kinh Doanh
417,3529248,19219,130-Cty TNHH Nabati Viet Nam,Kinh Doanh
418,3530491,19219,130-Cty TNHH Nabati Viet Nam,Kinh Doanh
419,3384346,19219,130-Cty TNHH Nabati Viet Nam,Kinh Doanh
420,3384347,19219,130-Cty TNHH Nabati Viet Nam,Kinh Doanh
421,3352387,19219,130-Cty TNHH Nabati Viet Nam,Kinh Doanh
422,3408152,19219,130-Cty TNHH Nabati Viet Nam,Kinh Doanh
423,3295195,19028,110-Cty CP Vinamit-NR,Kinh Doanh
424,3295196,19028,110-Cty CP Vinamit-NR,Kinh Doanh
425,3295197,19028,110-Cty CP Vinamit-NR,Kinh Doanh
426,3295198,19028,110-Cty CP Vinamit-NR,Kinh Doanh
427,3295199,19028,110-Cty CP Vinamit-NR,Kinh Doanh
428,3295200,19028,110-Cty CP Vinamit-NR,Kinh Doanh
429,3390935,19028,110-Cty CP Vinamit-NR,Kinh Doanh
430,3455948,17666,100-Cty CP SXTM Tai Tai-NR,Kinh Doanh
431,3493826,17639,100-Cty TNHH Eikodo Viet Nam-NR,Kinh Doanh
432,3454994,17639,100-Cty TNHH Eikodo Viet Nam-NR,Kinh Doanh
433,3454995,17639,100-Cty TNHH Eikodo Viet Nam-NR,Kinh Doanh
434,3454996,17639,100-Cty TNHH Eikodo Viet Nam-NR,Kinh Doanh
435,3454997,17639,100-Cty TNHH Eikodo Viet Nam-NR,Kinh Doanh
436,3503267,17639,100-Cty TNHH Eikodo Viet Nam-NR,Kinh Doanh
437,3454990,17638,100-Cty CP TP Va Do Uong Vinatea-NR,Kinh Doanh
438,3454992,17638,100-Cty CP TP Va Do Uong Vinatea-NR,Kinh Doanh
439,3454993,17638,100-Cty CP TP Va Do Uong Vinatea-NR,Kinh Doanh
440,3488561,17259,100-Cty TNHH Le Trung Thien-NR,Kinh Doanh
441,3488562,17259,100-Cty TNHH Le Trung Thien-NR,Kinh Doanh
442,3488563,17259,100-Cty TNHH Le Trung Thien-NR,Kinh Doanh
443,3440952,17259,100-Cty TNHH Le Trung Thien-NR,Kinh Doanh
444,3440953,17259,100-Cty TNHH Le Trung Thien-NR,Kinh Doanh
445,3440955,17259,100-Cty TNHH Le Trung Thien-NR,Kinh Doanh
446,3278389,16701,100-Cty CPTP Binh Tay-NR,Kinh Doanh
447,3278390,16701,100-Cty CPTP Binh Tay-NR,Kinh Doanh
448,3444795,15512,100-Cty CP Uniben-NR,Kinh Doanh
449,3103653,15348,130-CTY CP SX Tra Hung Phat,Kinh Doanh
450,3103654,15348,130-CTY CP SX Tra Hung Phat,Kinh Doanh
451,3325998,15348,130-CTY CP SX Tra Hung Phat,Kinh Doanh
452,3084504,15348,130-CTY CP SX Tra Hung Phat,Kinh Doanh
453,3387928,12547,131-Cty CP Uniben,Kinh Doanh
454,3432386,12547,131-Cty CP Uniben,Kinh Doanh
455,3403158,12547,131-Cty CP Uniben,Kinh Doanh
456,3403160,12547,131-Cty CP Uniben,Kinh Doanh
457,3403162,12547,131-Cty CP Uniben,Kinh Doanh
458,3217598,12547,131-Cty CP Uniben,Kinh Doanh
459,3199340,12547,131-Cty CP Uniben,Kinh Doanh
460,3199341,12547,131-Cty CP Uniben,Kinh Doanh
461,3199342,12547,131-Cty CP Uniben,Kinh Doanh
462,3444798,12532,100-Cty CP CNTP Luong Gia-NR,Kinh Doanh
463,3444807,12532,100-Cty CP CNTP Luong Gia-NR,Kinh Doanh
464,3442481,12320,111-Cty TNHH MTV TNI,Kinh Doanh
465,3440244,12320,111-Cty TNHH MTV TNI,Kinh Doanh
466,3440249,12320,111-Cty TNHH MTV TNI,Kinh Doanh
467,3440252,12320,111-Cty TNHH MTV TNI,Kinh Doanh
468,3468909,12320,111-Cty TNHH MTV TNI,Kinh Doanh
469,3413710,12320,111-Cty TNHH MTV TNI,Kinh Doanh
470,3413711,12320,111-Cty TNHH MTV TNI,Kinh Doanh
471,3413712,12320,111-Cty TNHH MTV TNI,Kinh Doanh
472,3451265,12320,111-Cty TNHH MTV TNI,Kinh Doanh
473,3422157,12320,111-Cty TNHH MTV TNI,Kinh Doanh
474,3422161,12320,111-Cty TNHH MTV TNI,Kinh Doanh
475,3004551,12015,130-CTY TNHH TM&CBTP Tien Du,Kinh Doanh
476,3173260,11841,130-Cty TNHH Saigon Ve Wong,Kinh Doanh
477,3040978,11841,130-Cty TNHH Saigon Ve Wong,Kinh Doanh
478,3040979,11841,130-Cty TNHH Saigon Ve Wong,Kinh Doanh
479,3040982,11841,130-Cty TNHH Saigon Ve Wong,Kinh Doanh
480,3040983,11841,130-Cty TNHH Saigon Ve Wong,Kinh Doanh
481,3040988,11841,130-Cty TNHH Saigon Ve Wong,Kinh Doanh
482,3005069,11266,110-Cty CP Tap Doan Muoi Mien Nam,Kinh Doanh
483,3005070,11266,110-Cty CP Tap Doan Muoi Mien Nam,Kinh Doanh
484,3054454,11266,110-Cty CP Tap Doan Muoi Mien Nam,Kinh Doanh
485,3427998,11119,110-Cty TNHH Lotte Viet Nam,Kinh Doanh
486,3102394,11119,110-Cty TNHH Lotte Viet Nam,Kinh Doanh
487,3102395,11119,110-Cty TNHH Lotte Viet Nam,Kinh Doanh
488,3453969,11119,110-Cty TNHH Lotte Viet Nam,Kinh Doanh
489,3143098,11119,110-Cty TNHH Lotte Viet Nam,Kinh Doanh
490,3512339,11119,110-Cty TNHH Lotte Viet Nam,Kinh Doanh
491,3110011,11119,110-Cty TNHH Lotte Viet Nam,Kinh Doanh
492,3110012,11119,110-Cty TNHH Lotte Viet Nam,Kinh Doanh
493,3460189,11119,110-Cty TNHH Lotte Viet Nam,Kinh Doanh
494,3224617,11119,110-Cty TNHH Lotte Viet Nam,Kinh Doanh
495,3524202,11119,110-Cty TNHH Lotte Viet Nam,Kinh Doanh
496,3150386,11119,110-Cty TNHH Lotte Viet Nam,Kinh Doanh
497,3365210,11119,110-Cty TNHH Lotte Viet Nam,Kinh Doanh
498,3365211,11119,110-Cty TNHH Lotte Viet Nam,Kinh Doanh
499,3276842,11119,110-Cty TNHH Lotte Viet Nam,Kinh Doanh
500,3276843,11119,110-Cty TNHH Lotte Viet Nam,Kinh Doanh
501,3361960,11119,110-Cty TNHH Lotte Viet Nam,Kinh Doanh
502,3352990,11119,110-Cty TNHH Lotte Viet Nam,Kinh Doanh
503,3337528,11119,110-Cty TNHH Lotte Viet Nam,Kinh Doanh
504,3400708,11119,110-Cty TNHH Lotte Viet Nam,Kinh Doanh
505,3545693,11119,110-Cty TNHH Lotte Viet Nam,Kinh Doanh
506,3201689,11119,110-Cty TNHH Lotte Viet Nam,Kinh Doanh
507,3205668,11119,110-Cty TNHH Lotte Viet Nam,Kinh Doanh
508,3199550,11119,110-Cty TNHH Lotte Viet Nam,Kinh Doanh
509,3495684,11119,110-Cty TNHH Lotte Viet Nam,Kinh Doanh
510,3502829,11119,110-Cty TNHH Lotte Viet Nam,Kinh Doanh
511,3317725,10023,111-Cty Ajinomoto Bien Hoa ,Kinh Doanh
512,3416065,10023,111-Cty Ajinomoto Bien Hoa ,Kinh Doanh
513,3416066,10023,111-Cty Ajinomoto Bien Hoa ,Kinh Doanh
514,3416071,10023,111-Cty Ajinomoto Bien Hoa ,Kinh Doanh
515,3005073,10023,111-Cty Ajinomoto Bien Hoa ,Kinh Doanh
516,3005075,10023,111-Cty Ajinomoto Bien Hoa ,Kinh Doanh
517,3005077,10023,111-Cty Ajinomoto Bien Hoa ,Kinh Doanh
518,3295355,10023,111-Cty Ajinomoto Bien Hoa ,Kinh Doanh
519,3258064,10023,111-Cty Ajinomoto Bien Hoa ,Kinh Doanh
520,3489126,10023,111-Cty Ajinomoto Bien Hoa ,Kinh Doanh
521,3524289,10023,111-Cty Ajinomoto Bien Hoa ,Kinh Doanh
522,3356234,10023,111-Cty Ajinomoto Bien Hoa ,Kinh Doanh
523,3192836,10023,111-Cty Ajinomoto Bien Hoa ,Kinh Doanh
524,3286741,10023,111-Cty Ajinomoto Bien Hoa ,Kinh Doanh
525,3532867,10023,111-Cty Ajinomoto Bien Hoa ,Kinh Doanh
526,3536326,10023,111-Cty Ajinomoto Bien Hoa ,Kinh Doanh
527,3126487,10023,111-Cty Ajinomoto Bien Hoa ,Kinh Doanh
528,3282731,10023,111-Cty Ajinomoto Bien Hoa ,Kinh Doanh
529,3467853,10023,111-Cty Ajinomoto Bien Hoa ,Kinh Doanh
530,3214107,10023,111-Cty Ajinomoto Bien Hoa ,Kinh Doanh
531,3216135,10023,111-Cty Ajinomoto Bien Hoa ,Kinh Doanh
532,3377186,10023,111-Cty Ajinomoto Bien Hoa ,Kinh Doanh
533,3401492,10023,111-Cty Ajinomoto Bien Hoa ,Kinh Doanh
534,3401494,10023,111-Cty Ajinomoto Bien Hoa ,Kinh Doanh
535,3290133,10023,111-Cty Ajinomoto Bien Hoa ,Kinh Doanh
536,3290134,10023,111-Cty Ajinomoto Bien Hoa ,Kinh Doanh
537,3345933,10023,111-Cty Ajinomoto Bien Hoa ,Kinh Doanh
538,3229501,10023,111-Cty Ajinomoto Bien Hoa ,Kinh Doanh
539,3231570,10023,111-Cty Ajinomoto Bien Hoa ,Kinh Doanh
540,3503221,10023,111-Cty Ajinomoto Bien Hoa ,Kinh Doanh
541,3441648,20846,111-Cty Co Phan Tap Doan KIDO ,Kinh Doanh
542,3431913,20846,111-Cty Co Phan Tap Doan KIDO ,Kinh Doanh
543,3003392,20846,111-Cty Co Phan Tap Doan KIDO ,KHONG KINH DOANH
544,3530120,20846,111-Cty Co Phan Tap Doan KIDO ,KHONG KINH DOANH
545,3530121,20846,111-Cty Co Phan Tap Doan KIDO ,KHONG KINH DOANH
546,3530295,20846,111-Cty Co Phan Tap Doan KIDO ,KHONG KINH DOANH
547,3437747,20846,111-Cty Co Phan Tap Doan KIDO ,KHONG KINH DOANH
548,3298228,20846,111-Cty Co Phan Tap Doan KIDO ,KHONG KINH DOANH
549,3524070,20734,100-Cty CP Dau Tu Hai Thien Minh-NR,KHONG KINH DOANH
550,3510697,20734,100-Cty CP Dau Tu Hai Thien Minh-NR,Kinh Doanh
551,3510698,20734,100-Cty CP Dau Tu Hai Thien Minh-NR,Kinh Doanh
552,3416680,20142,111-Cty TNHH Wilmar Mar.CLV-Sua ,Kinh Doanh
553,3175364,20142,111-Cty TNHH Wilmar Mar.CLV-Sua ,Kinh Doanh
554,3505767,19219,130-Cty TNHH Nabati Viet Nam,KHONG KINH DOANH
555,3479885,19219,130-Cty TNHH Nabati Viet Nam,KHONG KINH DOANH
556,3495074,19219,130-Cty TNHH Nabati Viet Nam,KHONG KINH DOANH
557,3529243,19219,130-Cty TNHH Nabati Viet Nam,KHONG KINH DOANH
558,3529245,19219,130-Cty TNHH Nabati Viet Nam,KHONG KINH DOANH
559,3529246,19219,130-Cty TNHH Nabati Viet Nam,KHONG KINH DOANH
560,3360436,19219,130-Cty TNHH Nabati Viet Nam,KHONG KINH DOANH
561,3538108,19219,130-Cty TNHH Nabati Viet Nam,KHONG KINH DOANH
562,3454991,17638,100-Cty CP TP Va Do Uong Vinatea-NR,Kinh Doanh
563,3440951,17259,100-Cty TNHH Le Trung Thien-NR,Kinh Doanh
564,3054535,15348,130-CTY CP SX Tra Hung Phat,KHONG KINH DOANH
565,3097779,15348,130-CTY CP SX Tra Hung Phat,Kinh Doanh
566,3084503,15348,130-CTY CP SX Tra Hung Phat,KHONG KINH DOANH
567,3509078,15348,130-CTY CP SX Tra Hung Phat,KHONG KINH DOANH
568,3050100,14337,130-Cty TNHH VINH TIEN,KHONG KINH DOANH
569,3054513,14337,130-Cty TNHH VINH TIEN,KHONG KINH DOANH
570,3054515,14337,130-Cty TNHH VINH TIEN,KHONG KINH DOANH
571,3054516,14337,130-Cty TNHH VINH TIEN,KHONG KINH DOANH
572,3054518,14337,130-Cty TNHH VINH TIEN,KHONG KINH DOANH
573,3054519,14337,130-Cty TNHH VINH TIEN,KHONG KINH DOANH
574,3054520,14337,130-Cty TNHH VINH TIEN,KHONG KINH DOANH
575,3244892,14337,130-Cty TNHH VINH TIEN,KHONG KINH DOANH
576,3432384,12547,131-Cty CP Uniben,Kinh Doanh
577,3494751,12547,131-Cty CP Uniben,Kinh Doanh
578,3442428,12320,111-Cty TNHH MTV TNI,KHONG KINH DOANH
579,3442429,12320,111-Cty TNHH MTV TNI,KHONG KINH DOANH
580,3493351,12320,111-Cty TNHH MTV TNI,KHONG KINH DOANH
581,3493352,12320,111-Cty TNHH MTV TNI,KHONG KINH DOANH
582,3481810,12320,111-Cty TNHH MTV TNI,KHONG KINH DOANH
583,3063378,12015,130-CTY TNHH TM&CBTP Tien Du,KHONG KINH DOANH
584,3004519,12015,130-CTY TNHH TM&CBTP Tien Du,KHONG KINH DOANH
585,3427995,11119,110-Cty TNHH Lotte Viet Nam,Kinh Doanh
586,3348492,11119,110-Cty TNHH Lotte Viet Nam,Kinh Doanh
587,3489128,11119,110-Cty TNHH Lotte Viet Nam,KHONG KINH DOANH
588,3492416,11119,110-Cty TNHH Lotte Viet Nam,KHONG KINH DOANH
589,3521651,11119,110-Cty TNHH Lotte Viet Nam,KHONG KINH DOANH
590,3521652,11119,110-Cty TNHH Lotte Viet Nam,Kinh Doanh
591,3318852,11119,110-Cty TNHH Lotte Viet Nam,Kinh Doanh
592,3401493,10023,111-Cty Ajinomoto Bien Hoa ,Kinh Doanh
