6,3517119,15506,111-Cty Bot giat LIX-NR,DANG KINH DOANH,
7,3517120,15506,111-Cty Bot giat LIX-NR,DANG KINH DOANH,
8,3517121,15506,111-Cty Bot giat LIX-NR,DANG KINH DOANH,
23,3463102,15790,110-CTy CP HMP My Hao,DANG KINH DOANH,
28,3541459,15800,110-Cty TNHH 1TV Tri Hoi,KHONG KINH DOANH,
29,3541460,15800,110-Cty TNHH 1TV Tri Hoi,KHONG KINH DOANH,
30,3422431,16506,110-CTyTNHHSXTMDVDaiPhuocThanh-NR,DANG KINH DOANH,
34,3513556,20779,111-CTyTNHH WILMAR MARKETING CLV-HP,DANG KINH DOANH,
38,3515339,17733,100-CTY TNHH SX& XD TMDVXNK VINA-NR,DANG KINH DOANH,
39,3196366,15800,110-Cty TNHH 1TV Tri Hoi,KHONG KINH DOANH,
40,3196367,15800,110-Cty TNHH 1TV Tri Hoi,KHONG KINH DOANH,
81,3501639,20484,100-CTYCP DUOC PHAM&SINH HOC YTE-NR,DANG KINH DOANH,
82,3501640,20484,100-CTYCP DUOC PHAM&SINH HOC YTE-NR,DANG KINH DOANH,
83,3501641,20484,100-CTYCP DUOC PHAM&SINH HOC YTE-NR,DANG KINH DOANH,
101,3329700,16506,110-CTyTNHHSXTMDVDaiPhuocThanh-NR,DANG KINH DOANH,
126,3545292,16760,110-Cua Hang Hue Lam,DANG KINH DOANH,
138,3132145,15790,110-CTy CP HMP My Hao,DANG KINH DOANH,
139,3132228,15790,110-CTy CP HMP My Hao,KHONG KINH DOANH,
142,3386499,15506,111-Cty Bot giat LIX-NR,DANG KINH DOANH,
143,3386500,15506,111-Cty Bot giat LIX-NR,DANG KINH DOANH,
144,3386501,15506,111-Cty Bot giat LIX-NR,DANG KINH DOANH,
145,3386502,15506,111-Cty Bot giat LIX-NR,DANG KINH DOANH,
146,3386503,15506,111-Cty Bot giat LIX-NR,KHONG KINH DOANH,
147,3386504,15506,111-Cty Bot giat LIX-NR,DANG KINH DOANH,
148,3386505,15506,111-Cty Bot giat LIX-NR,DANG KINH DOANH,
149,3386506,15506,111-Cty Bot giat LIX-NR,DANG KINH DOANH,
150,3386507,15506,111-Cty Bot giat LIX-NR,DANG KINH DOANH,
151,3386508,15506,111-Cty Bot giat LIX-NR,DANG KINH DOANH,
152,3386509,15506,111-Cty Bot giat LIX-NR,DANG KINH DOANH,
153,3491227,15506,111-Cty Bot giat LIX-NR,DANG KINH DOANH,
154,3491953,15800,110-Cty TNHH 1TV Tri Hoi,KHONG KINH DOANH,
155,3008485,12483,110-Cty TNHH SXTM TyTy(HMP),DANG KINH DOANH,
173,3295614,15506,111-Cty Bot giat LIX-NR,DANG KINH DOANH,
179,3497823,15506,111-Cty Bot giat LIX-NR,DANG KINH DOANH,
184,3372479,16506,110-CTyTNHHSXTMDVDaiPhuocThanh-NR,DANG KINH DOANH,
197,3054635,15790,110-CTy CP HMP My Hao,KHONG KINH DOANH,
198,3054651,12483,110-Cty TNHH SXTM TyTy(HMP),DANG KINH DOANH,
203,3257943,16760,110-Cua Hang Hue Lam,DANG KINH DOANH,
204,3257947,16760,110-Cua Hang Hue Lam,DANG KINH DOANH,
205,3257948,16760,110-Cua Hang Hue Lam,DANG KINH DOANH,
209,3314153,15506,111-Cty Bot giat LIX-NR,DANG KINH DOANH,
210,3314154,15506,111-Cty Bot giat LIX-NR,DANG KINH DOANH,
216,3123559,12483,110-Cty TNHH SXTM TyTy(HMP),DANG KINH DOANH,
234,3250058,15506,111-Cty Bot giat LIX-NR,DANG KINH DOANH,
235,3250059,15506,111-Cty Bot giat LIX-NR,DANG KINH DOANH,
238,3284516,15506,111-Cty Bot giat LIX-NR,DANG KINH DOANH,
240,3285331,15800,110-Cty TNHH 1TV Tri Hoi,KHONG KINH DOANH,
245,3008472,14653,110-DNTN Dai Phat,DANG KINH DOANH,
246,3008478,12483,110-Cty TNHH SXTM TyTy(HMP),DANG KINH DOANH,
247,3008479,12483,110-Cty TNHH SXTM TyTy(HMP),DANG KINH DOANH,
248,3008481,12483,110-Cty TNHH SXTM TyTy(HMP),DANG KINH DOANH,
249,3008482,12483,110-Cty TNHH SXTM TyTy(HMP),DANG KINH DOANH,
250,3008486,12483,110-Cty TNHH SXTM TyTy(HMP),DANG KINH DOANH,
251,3008490,12483,110-Cty TNHH SXTM TyTy(HMP),DANG KINH DOANH,
268,3449108,16506,110-CTyTNHHSXTMDVDaiPhuocThanh-NR,DANG KINH DOANH,
271,3140316,14530,110-Co so Nguyen Van Sau,DANG KINH DOANH,
285,3390942,15790,110-CTy CP HMP My Hao,KHONG KINH DOANH,
286,3390945,15790,110-CTy CP HMP My Hao,KHONG KINH DOANH,
288,3493891,16506,110-CTyTNHHSXTMDVDaiPhuocThanh-NR,DANG KINH DOANH,
289,3493892,16506,110-CTyTNHHSXTMDVDaiPhuocThanh-NR,DANG KINH DOANH,
294,3525066,21076,110-Cong Ty TNHH SALACOS -NR,DANG KINH DOANH,
299,3282741,16760,110-Cua Hang Hue Lam,DANG KINH DOANH,
302,3535758,21076,110-Cong Ty TNHH SALACOS -NR,DANG KINH DOANH,
304,3137587,15790,110-CTy CP HMP My Hao,DANG KINH DOANH,
305,3137588,15790,110-CTy CP HMP My Hao,DANG KINH DOANH,
306,3137589,15790,110-CTy CP HMP My Hao,KHONG KINH DOANH,
320,3515340,17733,100-CTY TNHH SX& XD TMDVXNK VINA-NR,KHONG KINH DOANH,
321,3515341,17733,100-CTY TNHH SX& XD TMDVXNK VINA-NR,DANG KINH DOANH,
322,3515342,17733,100-CTY TNHH SX& XD TMDVXNK VINA-NR,DANG KINH DOANH,
323,3515343,17733,100-CTY TNHH SX& XD TMDVXNK VINA-NR,KHONG KINH DOANH,
334,3513552,20779,111-CTyTNHH WILMAR MARKETING CLV-HP,DANG KINH DOANH,
335,3513553,20779,111-CTyTNHH WILMAR MARKETING CLV-HP,KHONG KINH DOANH,
336,3513554,20779,111-CTyTNHH WILMAR MARKETING CLV-HP,KHONG KINH DOANH,
337,3513555,20779,111-CTyTNHH WILMAR MARKETING CLV-HP,KHONG KINH DOANH,
366,3521129,20484,100-CTYCP DUOC PHAM&SINH HOC YTE-NR,DANG KINH DOANH,
367,3521130,20484,100-CTYCP DUOC PHAM&SINH HOC YTE-NR,DANG KINH DOANH,
368,3521131,17733,100-CTY TNHH SX& XD TMDVXNK VINA-NR,DANG KINH DOANH,
385,3314078,16760,110-Cua Hang Hue Lam,DANG KINH DOANH,
386,3314147,15506,111-Cty Bot giat LIX-NR,DANG KINH DOANH,
387,3452209,15506,111-Cty Bot giat LIX-NR,DANG KINH DOANH,
388,3452211,17559,110-CONG TY TNHH NTPM(VIET NAM)-NR,DANG KINH DOANH,
389,3452217,17559,110-CONG TY TNHH NTPM(VIET NAM)-NR,DANG KINH DOANH,
390,3452218,17559,110-CONG TY TNHH NTPM(VIET NAM)-NR,DANG KINH DOANH,
391,3452220,17559,110-CONG TY TNHH NTPM(VIET NAM)-NR,DANG KINH DOANH,
392,3452222,17559,110-CONG TY TNHH NTPM(VIET NAM)-NR,DANG KINH DOANH,
393,3452223,17559,110-CONG TY TNHH NTPM(VIET NAM)-NR,DANG KINH DOANH,
406,3184818,15506,111-Cty Bot giat LIX-NR,DANG KINH DOANH,
407,3184823,15506,111-Cty Bot giat LIX-NR,DANG KINH DOANH,
408,3184824,15506,111-Cty Bot giat LIX-NR,DANG KINH DOANH,
413,3500596,17559,110-CONG TY TNHH NTPM(VIET NAM)-NR,DANG KINH DOANH,
416,3160021,15506,111-Cty Bot giat LIX-NR,DANG KINH DOANH,
417,3160022,15506,111-Cty Bot giat LIX-NR,DANG KINH DOANH,
418,3160023,15506,111-Cty Bot giat LIX-NR,DANG KINH DOANH,
419,3160024,15506,111-Cty Bot giat LIX-NR,DANG KINH DOANH,
434,3288046,15800,110-Cty TNHH 1TV Tri Hoi,KHONG KINH DOANH,
436,3333828,15506,111-Cty Bot giat LIX-NR,DANG KINH DOANH,
437,3333830,15506,111-Cty Bot giat LIX-NR,DANG KINH DOANH,
438,3333833,15506,111-Cty Bot giat LIX-NR,DANG KINH DOANH,
439,3333834,15506,111-Cty Bot giat LIX-NR,DANG KINH DOANH,
440,3333835,15506,111-Cty Bot giat LIX-NR,DANG KINH DOANH,
441,3372212,15506,111-Cty Bot giat LIX-NR,DANG KINH DOANH,
442,3372213,15506,111-Cty Bot giat LIX-NR,DANG KINH DOANH,
443,3372214,15506,111-Cty Bot giat LIX-NR,KHONG KINH DOANH,
445,3372481,16506,110-CTyTNHHSXTMDVDaiPhuocThanh-NR,DANG KINH DOANH,
461,3530731,21076,110-Cong Ty TNHH SALACOS -NR,DANG KINH DOANH,
462,3530732,21076,110-Cong Ty TNHH SALACOS -NR,DANG KINH DOANH,
463,3530733,21076,110-Cong Ty TNHH SALACOS -NR,DANG KINH DOANH,
464,3530734,21076,110-Cong Ty TNHH SALACOS -NR,DANG KINH DOANH,
471,3523764,17559,110-CONG TY TNHH NTPM(VIET NAM)-NR,DANG KINH DOANH,
472,3523765,17559,110-CONG TY TNHH NTPM(VIET NAM)-NR,DANG KINH DOANH,
473,3523766,17559,110-CONG TY TNHH NTPM(VIET NAM)-NR,DANG KINH DOANH,
483,3524461,20536,100-CTYTNHH THIET BI YTE HA TRAN-NR,DANG KINH DOANH,
484,3524462,20536,100-CTYTNHH THIET BI YTE HA TRAN-NR,DANG KINH DOANH,
497,3356098,15506,111-Cty Bot giat LIX-NR,DANG KINH DOANH,
498,3356101,15506,111-Cty Bot giat LIX-NR,DANG KINH DOANH,
511,3192268,16760,110-Cua Hang Hue Lam,DANG KINH DOANH,
528,3473446,17559,110-CONG TY TNHH NTPM(VIET NAM)-NR,DANG KINH DOANH,
532,3277949,15506,111-Cty Bot giat LIX-NR,DANG KINH DOANH,
533,3277950,15506,111-Cty Bot giat LIX-NR,DANG KINH DOANH,
548,3501642,20484,100-CTYCP DUOC PHAM&SINH HOC YTE-NR,DANG KINH DOANH,
565,3541455,15800,110-Cty TNHH 1TV Tri Hoi,KHONG KINH DOANH,
590,3553316,20779,111-CTyTNHH WILMAR MARKETING CLV-HP,DANG KINH DOANH,
597,3269076,16506,110-CTyTNHHSXTMDVDaiPhuocThanh-NR,DANG KINH DOANH,
598,3271310,16760,110-Cua Hang Hue Lam,KHONG KINH DOANH,
600,3320019,15506,111-Cty Bot giat LIX-NR,DANG KINH DOANH,
613,3535759,21076,110-Cong Ty TNHH SALACOS -NR,DANG KINH DOANH,
614,3535760,21076,110-Cong Ty TNHH SALACOS -NR,DANG KINH DOANH,
615,3535761,21076,110-Cong Ty TNHH SALACOS -NR,DANG KINH DOANH,
624,3537271,17733,100-CTY TNHH SX& XD TMDVXNK VINA-NR,DANG KINH DOANH,
633,3384314,15800,110-Cty TNHH 1TV Tri Hoi,DANG KINH DOANH,
638,3437745,15506,111-Cty Bot giat LIX-NR,DANG KINH DOANH,
640,3437748,15506,111-Cty Bot giat LIX-NR,DANG KINH DOANH,
641,3437749,15506,111-Cty Bot giat LIX-NR,DANG KINH DOANH,
642,3437750,15506,111-Cty Bot giat LIX-NR,KHONG KINH DOANH,
673,3525067,21076,110-Cong Ty TNHH SALACOS -NR,DANG KINH DOANH,
674,3525068,21076,110-Cong Ty TNHH SALACOS -NR,DANG KINH DOANH,
675,3525069,21076,110-Cong Ty TNHH SALACOS -NR,DANG KINH DOANH,
676,3525114,17733,100-CTY TNHH SX& XD TMDVXNK VINA-NR,KHONG KINH DOANH,
677,3525115,17733,100-CTY TNHH SX& XD TMDVXNK VINA-NR,DANG KINH DOANH,
678,3525116,20484,100-CTYCP DUOC PHAM&SINH HOC YTE-NR,DANG KINH DOANH,
680,3527979,17559,110-CONG TY TNHH NTPM(VIET NAM)-NR,DANG KINH DOANH,
681,3527980,17733,100-CTY TNHH SX& XD TMDVXNK VINA-NR,DANG KINH DOANH,
694,3282513,15506,111-Cty Bot giat LIX-NR,DANG KINH DOANH,
696,3282735,16760,110-Cua Hang Hue Lam,DANG KINH DOANH,
697,3282736,16760,110-Cua Hang Hue Lam,DANG KINH DOANH,
698,3282737,16760,110-Cua Hang Hue Lam,DANG KINH DOANH,
706,3466392,15790,110-CTy CP HMP My Hao,KHONG KINH DOANH,
707,3467305,15790,110-CTy CP HMP My Hao,KHONG KINH DOANH,
711,3217101,15506,111-Cty Bot giat LIX-NR,DANG KINH DOANH,
712,3217105,15506,111-Cty Bot giat LIX-NR,DANG KINH DOANH,
716,3110820,15790,110-CTy CP HMP My Hao,DANG KINH DOANH,
717,3110821,15790,110-CTy CP HMP My Hao,DANG KINH DOANH,
724,3463138,15790,110-CTy CP HMP My Hao,KHONG KINH DOANH,
725,3463139,15790,110-CTy CP HMP My Hao,KHONG KINH DOANH,
726,3463140,15790,110-CTy CP HMP My Hao,KHONG KINH DOANH,
727,3463141,15790,110-CTy CP HMP My Hao,KHONG KINH DOANH,
728,3463142,15790,110-CTy CP HMP My Hao,KHONG KINH DOANH,
729,3463143,15790,110-CTy CP HMP My Hao,KHONG KINH DOANH,
730,3463144,15790,110-CTy CP HMP My Hao,KHONG KINH DOANH,
731,3463145,15790,110-CTy CP HMP My Hao,KHONG KINH DOANH,
746,3422432,16506,110-CTyTNHHSXTMDVDaiPhuocThanh-NR,DANG KINH DOANH,
756,3007093,15790,110-CTy CP HMP My Hao,DANG KINH DOANH,
772,3296686,15506,111-Cty Bot giat LIX-NR,KHONG KINH DOANH,
780,3343735,15506,111-Cty Bot giat LIX-NR,DANG KINH DOANH,
785,3545291,16760,110-Cua Hang Hue Lam,DANG KINH DOANH,
806,3537640,20536,100-CTYTNHH THIET BI YTE HA TRAN-NR,DANG KINH DOANH,
817,3538788,20779,111-CTyTNHH WILMAR MARKETING CLV-HP,DANG KINH DOANH,
818,3538789,20779,111-CTyTNHH WILMAR MARKETING CLV-HP,DANG KINH DOANH,
821,3540979,20779,111-CTyTNHH WILMAR MARKETING CLV-HP,DANG KINH DOANH,
822,3540980,20779,111-CTyTNHH WILMAR MARKETING CLV-HP,DANG KINH DOANH,
831,3541456,15800,110-Cty TNHH 1TV Tri Hoi,KHONG KINH DOANH,
832,3541457,15800,110-Cty TNHH 1TV Tri Hoi,KHONG KINH DOANH,
833,3541458,15800,110-Cty TNHH 1TV Tri Hoi,KHONG KINH DOANH,
834,3541461,15800,110-Cty TNHH 1TV Tri Hoi,KHONG KINH DOANH,
835,3541462,15800,110-Cty TNHH 1TV Tri Hoi,KHONG KINH DOANH,
843,3196362,15800,110-Cty TNHH 1TV Tri Hoi,KHONG KINH DOANH,
844,3196363,15800,110-Cty TNHH 1TV Tri Hoi,KHONG KINH DOANH,
845,3196365,15800,110-Cty TNHH 1TV Tri Hoi,KHONG KINH DOANH,
846,3196368,15800,110-Cty TNHH 1TV Tri Hoi,KHONG KINH DOANH,
847,3196370,15800,110-Cty TNHH 1TV Tri Hoi,KHONG KINH DOANH,
854,3408174,15506,111-Cty Bot giat LIX-NR,KHONG KINH DOANH,
855,3408176,15506,111-Cty Bot giat LIX-NR,KHONG KINH DOANH,
858,3503165,16760,110-Cua Hang Hue Lam,DANG KINH DOANH,
861,3503301,20536,100-CTYTNHH THIET BI YTE HA TRAN-NR,DANG KINH DOANH,
862,3503302,20536,100-CTYTNHH THIET BI YTE HA TRAN-NR,DANG KINH DOANH,
863,3503303,20536,100-CTYTNHH THIET BI YTE HA TRAN-NR,DANG KINH DOANH,
1,3436535,11773,110-CTy CP SX Nhua Duy Tan,DANG KINH DOANH
4,3507857,11773,110-CTy CP SX Nhua Duy Tan,KHONG KINH DOANH
5,3507858,11773,110-CTy CP SX Nhua Duy Tan,KHONG KINH DOANH
9,3517501,11773,110-CTy CP SX Nhua Duy Tan,DANG KINH DOANH
10,3517622,11773,110-CTy CP SX Nhua Duy Tan,DANG KINH DOANH
11,3518223,15208,100-CN CT CP GiaDung GOLDSUN(TP.HN),KHONG KINH DOANH
12,3554245,11773,110-CTy CP SX Nhua Duy Tan,DANG KINH DOANH
13,3550852,11773,110-CTy CP SX Nhua Duy Tan,DANG KINH DOANH
14,3430008,16964,100-CTy TNHH Tan Hop Thanh,DANG KINH DOANH
15,3430009,16964,100-CTy TNHH Tan Hop Thanh,DANG KINH DOANH
16,3430010,16964,100-CTy TNHH Tan Hop Thanh,KHONG KINH DOANH
17,3554248,11773,110-CTy CP SX Nhua Duy Tan,DANG KINH DOANH
18,3543335,15208,100-CN CT CP GiaDung GOLDSUN(TP.HN),KHONG KINH DOANH
19,3552977,11773,110-CTy CP SX Nhua Duy Tan,DANG KINH DOANH
20,3348369,16964,100-CTy TNHH Tan Hop Thanh,DANG KINH DOANH
21,3550808,15208,100-CN CT CP GiaDung GOLDSUN(TP.HN),DANG KINH DOANH
22,3547927,11773,110-CTy CP SX Nhua Duy Tan,DANG KINH DOANH
24,3541465,15208,100-CN CT CP GiaDung GOLDSUN(TP.HN),KHONG KINH DOANH
25,3541466,15208,100-CN CT CP GiaDung GOLDSUN(TP.HN),KHONG KINH DOANH
26,3552978,11773,110-CTy CP SX Nhua Duy Tan,DANG KINH DOANH
27,3552976,11773,110-CTy CP SX Nhua Duy Tan,DANG KINH DOANH
31,3518675,15208,100-CN CT CP GiaDung GOLDSUN(TP.HN),DANG KINH DOANH
32,3518676,15208,100-CN CT CP GiaDung GOLDSUN(TP.HN),KHONG KINH DOANH
33,3554249,11773,110-CTy CP SX Nhua Duy Tan,DANG KINH DOANH
35,3554247,11773,110-CTy CP SX Nhua Duy Tan,DANG KINH DOANH
36,3536487,15208,100-CN CT CP GiaDung GOLDSUN(TP.HN),DANG KINH DOANH
37,3528752,15208,100-CN CT CP GiaDung GOLDSUN(TP.HN),DANG KINH DOANH
41,3550848,11773,110-CTy CP SX Nhua Duy Tan,KHONG KINH DOANH
42,3550850,11773,110-CTy CP SX Nhua Duy Tan,DANG KINH DOANH
43,3542949,16964,100-CTy TNHH Tan Hop Thanh,DANG KINH DOANH
44,3542950,16964,100-CTy TNHH Tan Hop Thanh,DANG KINH DOANH
45,3519234,11773,110-CTy CP SX Nhua Duy Tan,DANG KINH DOANH
46,3404156,11773,110-CTy CP SX Nhua Duy Tan,DANG KINH DOANH
47,3507586,11773,110-CTy CP SX Nhua Duy Tan,KHONG KINH DOANH
48,3554236,15208,100-CN CT CP GiaDung GOLDSUN(TP.HN),KHONG KINH DOANH
49,3426542,12995,100-CTy CP CB Go Duc Thanh-NR,DANG KINH DOANH
50,3426543,12995,100-CTy CP CB Go Duc Thanh-NR,DANG KINH DOANH
53,3437855,11773,110-CTy CP SX Nhua Duy Tan,DANG KINH DOANH
54,3437856,11773,110-CTy CP SX Nhua Duy Tan,DANG KINH DOANH
55,3438238,11773,110-CTy CP SX Nhua Duy Tan,DANG KINH DOANH
56,3519560,11773,110-CTy CP SX Nhua Duy Tan,DANG KINH DOANH
57,3519561,11773,110-CTy CP SX Nhua Duy Tan,DANG KINH DOANH
58,3520312,20888,100-Cty CP SX TM Nhua Hoang Chau-NR,DANG KINH DOANH
59,3520313,20888,100-Cty CP SX TM Nhua Hoang Chau-NR,DANG KINH DOANH
61,3055280,12989,100-CTY TNHH SAMRAN,DANG KINH DOANH
62,3055281,10985,100-Cty TM&PT Cong Nghe Kolend,DANG KINH DOANH
63,3055284,10985,100-Cty TM&PT Cong Nghe Kolend,DANG KINH DOANH
64,3055286,10985,100-Cty TM&PT Cong Nghe Kolend,DANG KINH DOANH
65,3055287,10985,100-Cty TM&PT Cong Nghe Kolend,DANG KINH DOANH
66,3055288,10985,100-Cty TM&PT Cong Nghe Kolend,DANG KINH DOANH
67,3055289,10985,100-Cty TM&PT Cong Nghe Kolend,DANG KINH DOANH
68,3055291,10985,100-Cty TM&PT Cong Nghe Kolend,DANG KINH DOANH
69,3062359,10985,100-Cty TM&PT Cong Nghe Kolend,DANG KINH DOANH
72,3318296,16964,100-CTy TNHH Tan Hop Thanh,DANG KINH DOANH
73,3190990,11777,100-CT CP Nhua Rang Dong Long An-NR,DANG KINH DOANH
74,3190991,11777,100-CT CP Nhua Rang Dong Long An-NR,DANG KINH DOANH
80,3501372,15208,100-CN CT CP GiaDung GOLDSUN(TP.HN),DANG KINH DOANH
84,3509230,11773,110-CTy CP SX Nhua Duy Tan,KHONG KINH DOANH
85,3509231,11773,110-CTy CP SX Nhua Duy Tan,KHONG KINH DOANH
86,3509233,11773,110-CTy CP SX Nhua Duy Tan,KHONG KINH DOANH
87,3509234,11773,110-CTy CP SX Nhua Duy Tan,DANG KINH DOANH
88,3509236,11773,110-CTy CP SX Nhua Duy Tan,DANG KINH DOANH
89,3101964,13979,100-CTy TNHH Thuong Mai L.H,DANG KINH DOANH
90,3101976,13979,100-CTy TNHH Thuong Mai L.H,DANG KINH DOANH
91,3102010,13979,100-CTy TNHH Thuong Mai L.H,DANG KINH DOANH
94,3103381,10985,100-Cty TM&PT Cong Nghe Kolend,DANG KINH DOANH
95,3103382,10985,100-Cty TM&PT Cong Nghe Kolend,DANG KINH DOANH
98,3283554,11773,110-CTy CP SX Nhua Duy Tan,DANG KINH DOANH
102,3368148,11773,110-CTy CP SX Nhua Duy Tan,KHONG KINH DOANH
103,3368149,11773,110-CTy CP SX Nhua Duy Tan,KHONG KINH DOANH
104,3368150,11773,110-CTy CP SX Nhua Duy Tan,DANG KINH DOANH
105,3368151,11773,110-CTy CP SX Nhua Duy Tan,DANG KINH DOANH
107,3475382,16964,100-CTy TNHH Tan Hop Thanh,KHONG KINH DOANH
108,3475383,16964,100-CTy TNHH Tan Hop Thanh,KHONG KINH DOANH
109,3475665,16964,100-CTy TNHH Tan Hop Thanh,KHONG KINH DOANH
110,3476194,11773,110-CTy CP SX Nhua Duy Tan,DANG KINH DOANH
111,3476195,11773,110-CTy CP SX Nhua Duy Tan,DANG KINH DOANH
112,3476196,11773,110-CTy CP SX Nhua Duy Tan,DANG KINH DOANH
113,3476198,11773,110-CTy CP SX Nhua Duy Tan,KHONG KINH DOANH
114,3476199,11773,110-CTy CP SX Nhua Duy Tan,DANG KINH DOANH
115,3476200,11773,110-CTy CP SX Nhua Duy Tan,DANG KINH DOANH
116,3476201,11773,110-CTy CP SX Nhua Duy Tan,KHONG KINH DOANH
117,3476202,11773,110-CTy CP SX Nhua Duy Tan,DANG KINH DOANH
118,3538419,15208,100-CN CT CP GiaDung GOLDSUN(TP.HN),KHONG KINH DOANH
119,3543870,11773,110-CTy CP SX Nhua Duy Tan,DANG KINH DOANH
120,3544246,11773,110-CTy CP SX Nhua Duy Tan,DANG KINH DOANH
121,3218628,11773,110-CTy CP SX Nhua Duy Tan,DANG KINH DOANH
122,3517621,11773,110-CTy CP SX Nhua Duy Tan,DANG KINH DOANH
123,3541545,11773,110-CTy CP SX Nhua Duy Tan,DANG KINH DOANH
124,3557777,15208,100-CN CT CP GiaDung GOLDSUN(TP.HN),DANG KINH DOANH
125,3557783,11773,110-CTy CP SX Nhua Duy Tan,DANG KINH DOANH
127,3557782,11773,110-CTy CP SX Nhua Duy Tan,DANG KINH DOANH
128,3554246,11773,110-CTy CP SX Nhua Duy Tan,DANG KINH DOANH
129,3534601,15208,100-CN CT CP GiaDung GOLDSUN(TP.HN),DANG KINH DOANH
130,3348367,16964,100-CTy TNHH Tan Hop Thanh,DANG KINH DOANH
131,3348368,16964,100-CTy TNHH Tan Hop Thanh,DANG KINH DOANH
133,3448562,11773,110-CTy CP SX Nhua Duy Tan,DANG KINH DOANH
134,3448564,11773,110-CTy CP SX Nhua Duy Tan,KHONG KINH DOANH
135,3419927,11773,110-CTy CP SX Nhua Duy Tan,DANG KINH DOANH
141,3385771,11773,110-CTy CP SX Nhua Duy Tan,KHONG KINH DOANH
156,3430007,16964,100-CTy TNHH Tan Hop Thanh,DANG KINH DOANH
157,3520753,11773,110-CTy CP SX Nhua Duy Tan,DANG KINH DOANH
164,3295021,11773,110-CTy CP SX Nhua Duy Tan,KHONG KINH DOANH
165,3295023,11773,110-CTy CP SX Nhua Duy Tan,KHONG KINH DOANH
177,3412002,11773,110-CTy CP SX Nhua Duy Tan,KHONG KINH DOANH
178,3497612,16964,100-CTy TNHH Tan Hop Thanh,DANG KINH DOANH
181,3403438,11773,110-CTy CP SX Nhua Duy Tan,DANG KINH DOANH
182,3533694,15208,100-CN CT CP GiaDung GOLDSUN(TP.HN),KHONG KINH DOANH
183,3533695,15208,100-CN CT CP GiaDung GOLDSUN(TP.HN),KHONG KINH DOANH
185,3459960,11773,110-CTy CP SX Nhua Duy Tan,KHONG KINH DOANH
186,3556029,11773,110-CTy CP SX Nhua Duy Tan,DANG KINH DOANH
187,3490336,11773,110-CTy CP SX Nhua Duy Tan,KHONG KINH DOANH
199,3055152,11773,110-CTy CP SX Nhua Duy Tan,DANG KINH DOANH
200,3055153,11773,110-CTy CP SX Nhua Duy Tan,DANG KINH DOANH
201,3055154,11773,110-CTy CP SX Nhua Duy Tan,DANG KINH DOANH
202,3055204,11773,110-CTy CP SX Nhua Duy Tan,DANG KINH DOANH
207,3260451,11773,110-CTy CP SX Nhua Duy Tan,DANG KINH DOANH
208,3260454,11773,110-CTy CP SX Nhua Duy Tan,DANG KINH DOANH
211,3314547,11773,110-CTy CP SX Nhua Duy Tan,DANG KINH DOANH
212,3357483,16964,100-CTy TNHH Tan Hop Thanh,KHONG KINH DOANH
214,3327143,16964,100-CTy TNHH Tan Hop Thanh,DANG KINH DOANH
215,3327144,16964,100-CTy TNHH Tan Hop Thanh,DANG KINH DOANH
217,3382940,11773,110-CTy CP SX Nhua Duy Tan,DANG KINH DOANH
218,3382941,11773,110-CTy CP SX Nhua Duy Tan,DANG KINH DOANH
219,3383606,13468,100-CTY TNHH SAMRAN-NR,DANG KINH DOANH
220,3383607,13468,100-CTY TNHH SAMRAN-NR,DANG KINH DOANH
221,3383608,13468,100-CTY TNHH SAMRAN-NR,DANG KINH DOANH
222,3383609,13468,100-CTY TNHH SAMRAN-NR,DANG KINH DOANH
223,3397927,11011,100-CT TNHH SX Do Gia DungElmich-NR,DANG KINH DOANH
229,3012794,12989,100-CTY TNHH SAMRAN,DANG KINH DOANH
230,3031987,11773,110-CTy CP SX Nhua Duy Tan,DANG KINH DOANH
231,3031988,11773,110-CTy CP SX Nhua Duy Tan,DANG KINH DOANH
232,3031989,11773,110-CTy CP SX Nhua Duy Tan,DANG KINH DOANH
233,3032106,11773,110-CTy CP SX Nhua Duy Tan,DANG KINH DOANH
236,3253175,12989,100-CTY TNHH SAMRAN,DANG KINH DOANH
241,3457912,11773,110-CTy CP SX Nhua Duy Tan,KHONG KINH DOANH
242,3457913,11773,110-CTy CP SX Nhua Duy Tan,KHONG KINH DOANH
243,3457914,11773,110-CTy CP SX Nhua Duy Tan,DANG KINH DOANH
244,3457915,11773,110-CTy CP SX Nhua Duy Tan,DANG KINH DOANH
252,3279756,11773,110-CTy CP SX Nhua Duy Tan,DANG KINH DOANH
253,3279757,11773,110-CTy CP SX Nhua Duy Tan,DANG KINH DOANH
254,3325237,11773,110-CTy CP SX Nhua Duy Tan,DANG KINH DOANH
261,3444318,11773,110-CTy CP SX Nhua Duy Tan,DANG KINH DOANH
262,3444794,11011,100-CT TNHH SX Do Gia DungElmich-NR,DANG KINH DOANH
266,3350607,16964,100-CTy TNHH Tan Hop Thanh,DANG KINH DOANH
267,3350608,16964,100-CTy TNHH Tan Hop Thanh,DANG KINH DOANH
269,3449943,16964,100-CTy TNHH Tan Hop Thanh,DANG KINH DOANH
273,3181800,13979,100-CTy TNHH Thuong Mai L.H,DANG KINH DOANH
274,3389078,11773,110-CTy CP SX Nhua Duy Tan,DANG KINH DOANH
275,3493317,11773,110-CTy CP SX Nhua Duy Tan,KHONG KINH DOANH
276,3493318,11773,110-CTy CP SX Nhua Duy Tan,DANG KINH DOANH
279,3493423,15208,100-CN CT CP GiaDung GOLDSUN(TP.HN),DANG KINH DOANH
280,3493424,15208,100-CN CT CP GiaDung GOLDSUN(TP.HN),DANG KINH DOANH
281,3390753,11773,110-CTy CP SX Nhua Duy Tan,DANG KINH DOANH
282,3390754,11773,110-CTy CP SX Nhua Duy Tan,DANG KINH DOANH
283,3390755,11773,110-CTy CP SX Nhua Duy Tan,DANG KINH DOANH
290,3494100,13468,100-CTY TNHH SAMRAN-NR,DANG KINH DOANH
291,3494101,13468,100-CTY TNHH SAMRAN-NR,DANG KINH DOANH
292,3494102,13468,100-CTY TNHH SAMRAN-NR,DANG KINH DOANH
293,3494103,13468,100-CTY TNHH SAMRAN-NR,DANG KINH DOANH
295,3422584,11773,110-CTy CP SX Nhua Duy Tan,DANG KINH DOANH
296,3392947,11773,110-CTy CP SX Nhua Duy Tan,DANG KINH DOANH
297,3538906,15208,100-CN CT CP GiaDung GOLDSUN(TP.HN),KHONG KINH DOANH
298,3538907,15208,100-CN CT CP GiaDung GOLDSUN(TP.HN),KHONG KINH DOANH
300,3449947,16964,100-CTy TNHH Tan Hop Thanh,KHONG KINH DOANH
301,3555039,11773,110-CTy CP SX Nhua Duy Tan,DANG KINH DOANH
303,3134265,11773,110-CTy CP SX Nhua Duy Tan,DANG KINH DOANH
307,3387567,16964,100-CTy TNHH Tan Hop Thanh,DANG KINH DOANH
308,3387568,16964,100-CTy TNHH Tan Hop Thanh,DANG KINH DOANH
309,3387569,16964,100-CTy TNHH Tan Hop Thanh,DANG KINH DOANH
312,3479552,11773,110-CTy CP SX Nhua Duy Tan,DANG KINH DOANH
315,3434401,11773,110-CTy CP SX Nhua Duy Tan,KHONG KINH DOANH
316,3434402,11773,110-CTy CP SX Nhua Duy Tan,KHONG KINH DOANH
317,3434403,11773,110-CTy CP SX Nhua Duy Tan,DANG KINH DOANH
318,3434405,11773,110-CTy CP SX Nhua Duy Tan,KHONG KINH DOANH
319,3506580,15208,100-CN CT CP GiaDung GOLDSUN(TP.HN),DANG KINH DOANH
326,3515856,11773,110-CTy CP SX Nhua Duy Tan,KHONG KINH DOANH
327,3531392,15208,100-CN CT CP GiaDung GOLDSUN(TP.HN),DANG KINH DOANH
328,3419926,11773,110-CTy CP SX Nhua Duy Tan,DANG KINH DOANH
338,3523140,15208,100-CN CT CP GiaDung GOLDSUN(TP.HN),DANG KINH DOANH
339,3523141,15208,100-CN CT CP GiaDung GOLDSUN(TP.HN),KHONG KINH DOANH
340,3523181,11773,110-CTy CP SX Nhua Duy Tan,DANG KINH DOANH
341,3523363,11773,110-CTy CP SX Nhua Duy Tan,DANG KINH DOANH
342,3523364,11773,110-CTy CP SX Nhua Duy Tan,DANG KINH DOANH
343,3523365,11773,110-CTy CP SX Nhua Duy Tan,DANG KINH DOANH
344,3430483,11777,100-CT CP Nhua Rang Dong Long An-NR,DANG KINH DOANH
345,3430484,11777,100-CT CP Nhua Rang Dong Long An-NR,DANG KINH DOANH
346,3430485,11777,100-CT CP Nhua Rang Dong Long An-NR,DANG KINH DOANH
356,3440906,16964,100-CTy TNHH Tan Hop Thanh,DANG KINH DOANH
362,3521071,11773,110-CTy CP SX Nhua Duy Tan,DANG KINH DOANH
363,3521072,11773,110-CTy CP SX Nhua Duy Tan,DANG KINH DOANH
364,3521073,11773,110-CTy CP SX Nhua Duy Tan,KHONG KINH DOANH
365,3521074,11773,110-CTy CP SX Nhua Duy Tan,DANG KINH DOANH
398,3374925,16964,100-CTy TNHH Tan Hop Thanh,DANG KINH DOANH
399,3374926,16964,100-CTy TNHH Tan Hop Thanh,DANG KINH DOANH
400,3374927,16964,100-CTy TNHH Tan Hop Thanh,DANG KINH DOANH
403,3480412,11773,110-CTy CP SX Nhua Duy Tan,DANG KINH DOANH
404,3480413,11773,110-CTy CP SX Nhua Duy Tan,KHONG KINH DOANH
405,3480422,11773,110-CTy CP SX Nhua Duy Tan,DANG KINH DOANH
409,3403272,11773,110-CTy CP SX Nhua Duy Tan,DANG KINH DOANH
410,3404154,11773,110-CTy CP SX Nhua Duy Tan,DANG KINH DOANH
411,3414888,11773,110-CTy CP SX Nhua Duy Tan,DANG KINH DOANH
414,3508978,11773,110-CTy CP SX Nhua Duy Tan,DANG KINH DOANH
420,3382457,12989,100-CTY TNHH SAMRAN,DANG KINH DOANH
421,3487359,11773,110-CTy CP SX Nhua Duy Tan,KHONG KINH DOANH
422,3487361,11773,110-CTy CP SX Nhua Duy Tan,DANG KINH DOANH
423,3487363,11773,110-CTy CP SX Nhua Duy Tan,KHONG KINH DOANH
424,3487364,11773,110-CTy CP SX Nhua Duy Tan,KHONG KINH DOANH
425,3487366,12989,100-CTY TNHH SAMRAN,DANG KINH DOANH
426,3487674,11773,110-CTy CP SX Nhua Duy Tan,DANG KINH DOANH
427,3496126,15208,100-CN CT CP GiaDung GOLDSUN(TP.HN),DANG KINH DOANH
428,3496127,15208,100-CN CT CP GiaDung GOLDSUN(TP.HN),DANG KINH DOANH
431,3223203,12989,100-CTY TNHH SAMRAN,DANG KINH DOANH
435,3288346,11773,110-CTy CP SX Nhua Duy Tan,DANG KINH DOANH
444,3372352,16964,100-CTy TNHH Tan Hop Thanh,KHONG KINH DOANH
447,3459152,11773,110-CTy CP SX Nhua Duy Tan,KHONG KINH DOANH
448,3528748,15208,100-CN CT CP GiaDung GOLDSUN(TP.HN),KHONG KINH DOANH
449,3528749,15208,100-CN CT CP GiaDung GOLDSUN(TP.HN),DANG KINH DOANH
450,3528750,15208,100-CN CT CP GiaDung GOLDSUN(TP.HN),DANG KINH DOANH
467,3433469,16964,100-CTy TNHH Tan Hop Thanh,DANG KINH DOANH
468,3513945,11773,110-CTy CP SX Nhua Duy Tan,DANG KINH DOANH
469,3513947,11773,110-CTy CP SX Nhua Duy Tan,DANG KINH DOANH
470,3513972,11773,110-CTy CP SX Nhua Duy Tan,KHONG KINH DOANH
479,3524413,11773,110-CTy CP SX Nhua Duy Tan,KHONG KINH DOANH
480,3524414,11773,110-CTy CP SX Nhua Duy Tan,KHONG KINH DOANH
481,3524415,11773,110-CTy CP SX Nhua Duy Tan,KHONG KINH DOANH
482,3524416,11773,110-CTy CP SX Nhua Duy Tan,KHONG KINH DOANH
491,3311633,10985,100-Cty TM&PT Cong Nghe Kolend,DANG KINH DOANH
492,3311748,16964,100-CTy TNHH Tan Hop Thanh,DANG KINH DOANH
493,3312777,11773,110-CTy CP SX Nhua Duy Tan,KHONG KINH DOANH
494,3312779,11773,110-CTy CP SX Nhua Duy Tan,DANG KINH DOANH
495,3312780,11773,110-CTy CP SX Nhua Duy Tan,DANG KINH DOANH
500,3458930,11773,110-CTy CP SX Nhua Duy Tan,DANG KINH DOANH
502,3446423,11773,110-CTy CP SX Nhua Duy Tan,KHONG KINH DOANH
503,3446427,11773,110-CTy CP SX Nhua Duy Tan,KHONG KINH DOANH
505,3081035,11773,110-CTy CP SX Nhua Duy Tan,DANG KINH DOANH
507,3556424,11773,110-CTy CP SX Nhua Duy Tan,DANG KINH DOANH
508,3535085,15208,100-CN CT CP GiaDung GOLDSUN(TP.HN),DANG KINH DOANH
509,3556030,11773,110-CTy CP SX Nhua Duy Tan,DANG KINH DOANH
513,3392119,11011,100-CT TNHH SX Do Gia DungElmich-NR,DANG KINH DOANH
514,3392121,11011,100-CT TNHH SX Do Gia DungElmich-NR,DANG KINH DOANH
515,3392948,11773,110-CTy CP SX Nhua Duy Tan,DANG KINH DOANH
516,3392949,11773,110-CTy CP SX Nhua Duy Tan,DANG KINH DOANH
517,3392951,11773,110-CTy CP SX Nhua Duy Tan,DANG KINH DOANH
520,3371132,10985,100-Cty TM&PT Cong Nghe Kolend,DANG KINH DOANH
521,3477798,18833,100-Cong ty CP TD Kim Duc -NR,DANG KINH DOANH
522,3477799,18833,100-Cong ty CP TD Kim Duc -NR,DANG KINH DOANH
523,3477800,18833,100-Cong ty CP TD Kim Duc -NR,DANG KINH DOANH
529,3473447,18833,100-Cong ty CP TD Kim Duc -NR,DANG KINH DOANH
538,3364612,16964,100-CTy TNHH Tan Hop Thanh,DANG KINH DOANH
540,3455364,11773,110-CTy CP SX Nhua Duy Tan,KHONG KINH DOANH
541,3455946,11011,100-CT TNHH SX Do Gia DungElmich-NR,DANG KINH DOANH
543,3406659,16964,100-CTy TNHH Tan Hop Thanh,DANG KINH DOANH
544,3406717,11773,110-CTy CP SX Nhua Duy Tan,DANG KINH DOANH
545,3406719,11773,110-CTy CP SX Nhua Duy Tan,DANG KINH DOANH
546,3406721,11773,110-CTy CP SX Nhua Duy Tan,DANG KINH DOANH
547,3406723,11773,110-CTy CP SX Nhua Duy Tan,DANG KINH DOANH
560,3507585,11773,110-CTy CP SX Nhua Duy Tan,KHONG KINH DOANH
561,3419604,11773,110-CTy CP SX Nhua Duy Tan,DANG KINH DOANH
562,3422258,11773,110-CTy CP SX Nhua Duy Tan,DANG KINH DOANH
563,3422250,11773,110-CTy CP SX Nhua Duy Tan,DANG KINH DOANH
564,3519233,11773,110-CTy CP SX Nhua Duy Tan,DANG KINH DOANH
566,3392950,11773,110-CTy CP SX Nhua Duy Tan,DANG KINH DOANH
567,3517502,11773,110-CTy CP SX Nhua Duy Tan,DANG KINH DOANH
568,3390756,11773,110-CTy CP SX Nhua Duy Tan,DANG KINH DOANH
569,3476197,11773,110-CTy CP SX Nhua Duy Tan,DANG KINH DOANH
570,3011823,11773,110-CTy CP SX Nhua Duy Tan,KHONG KINH DOANH
571,3509235,11773,110-CTy CP SX Nhua Duy Tan,DANG KINH DOANH
572,3438240,11773,110-CTy CP SX Nhua Duy Tan,DANG KINH DOANH
573,3436536,11773,110-CTy CP SX Nhua Duy Tan,DANG KINH DOANH
574,3434404,11773,110-CTy CP SX Nhua Duy Tan,KHONG KINH DOANH
575,3552975,11773,110-CTy CP SX Nhua Duy Tan,DANG KINH DOANH
576,3368152,11773,110-CTy CP SX Nhua Duy Tan,DANG KINH DOANH
577,3537737,15208,100-CN CT CP GiaDung GOLDSUN(TP.HN),KHONG KINH DOANH
578,3548188,11773,110-CTy CP SX Nhua Duy Tan,DANG KINH DOANH
579,3548189,11773,110-CTy CP SX Nhua Duy Tan,DANG KINH DOANH
580,3548191,11773,110-CTy CP SX Nhua Duy Tan,DANG KINH DOANH
581,3555041,11773,110-CTy CP SX Nhua Duy Tan,DANG KINH DOANH
582,3448563,11773,110-CTy CP SX Nhua Duy Tan,DANG KINH DOANH
583,3555042,11773,110-CTy CP SX Nhua Duy Tan,DANG KINH DOANH
584,3546767,11773,110-CTy CP SX Nhua Duy Tan,DANG KINH DOANH
585,3555040,11773,110-CTy CP SX Nhua Duy Tan,DANG KINH DOANH
586,3503276,11773,110-CTy CP SX Nhua Duy Tan,DANG KINH DOANH
587,3503277,11773,110-CTy CP SX Nhua Duy Tan,KHONG KINH DOANH
588,3419131,11773,110-CTy CP SX Nhua Duy Tan,DANG KINH DOANH
589,3422582,11773,110-CTy CP SX Nhua Duy Tan,DANG KINH DOANH
591,3490338,11773,110-CTy CP SX Nhua Duy Tan,DANG KINH DOANH
592,3312781,11773,110-CTy CP SX Nhua Duy Tan,DANG KINH DOANH
593,3342478,11773,110-CTy CP SX Nhua Duy Tan,KHONG KINH DOANH
594,3550806,15208,100-CN CT CP GiaDung GOLDSUN(TP.HN),DANG KINH DOANH
595,3065101,11773,110-CTy CP SX Nhua Duy Tan,DANG KINH DOANH
596,3065131,11773,110-CTy CP SX Nhua Duy Tan,DANG KINH DOANH
604,3533214,11773,110-CTy CP SX Nhua Duy Tan,DANG KINH DOANH
605,3533215,11773,110-CTy CP SX Nhua Duy Tan,DANG KINH DOANH
608,3534020,15208,100-CN CT CP GiaDung GOLDSUN(TP.HN),DANG KINH DOANH
609,3535084,15208,100-CN CT CP GiaDung GOLDSUN(TP.HN),DANG KINH DOANH
610,3535595,11773,110-CTy CP SX Nhua Duy Tan,DANG KINH DOANH
611,3535596,11773,110-CTy CP SX Nhua Duy Tan,DANG KINH DOANH
612,3535608,15208,100-CN CT CP GiaDung GOLDSUN(TP.HN),DANG KINH DOANH
617,3536397,11773,110-CTy CP SX Nhua Duy Tan,DANG KINH DOANH
618,3536398,11773,110-CTy CP SX Nhua Duy Tan,DANG KINH DOANH
619,3536399,11773,110-CTy CP SX Nhua Duy Tan,DANG KINH DOANH
620,3536400,11773,110-CTy CP SX Nhua Duy Tan,DANG KINH DOANH
621,3536484,15208,100-CN CT CP GiaDung GOLDSUN(TP.HN),DANG KINH DOANH
622,3536485,15208,100-CN CT CP GiaDung GOLDSUN(TP.HN),DANG KINH DOANH
623,3536486,15208,100-CN CT CP GiaDung GOLDSUN(TP.HN),DANG KINH DOANH
626,3168725,11773,110-CTy CP SX Nhua Duy Tan,KHONG KINH DOANH
627,3168726,11773,110-CTy CP SX Nhua Duy Tan,DANG KINH DOANH
628,3168727,11773,110-CTy CP SX Nhua Duy Tan,DANG KINH DOANH
629,3168728,11773,110-CTy CP SX Nhua Duy Tan,KHONG KINH DOANH
630,3168729,11773,110-CTy CP SX Nhua Duy Tan,DANG KINH DOANH
631,3168730,11773,110-CTy CP SX Nhua Duy Tan,DANG KINH DOANH
632,3168732,11773,110-CTy CP SX Nhua Duy Tan,KHONG KINH DOANH
636,3490335,11773,110-CTy CP SX Nhua Duy Tan,KHONG KINH DOANH
637,3490337,11773,110-CTy CP SX Nhua Duy Tan,KHONG KINH DOANH
644,3518674,15208,100-CN CT CP GiaDung GOLDSUN(TP.HN),DANG KINH DOANH
645,3518677,15208,100-CN CT CP GiaDung GOLDSUN(TP.HN),KHONG KINH DOANH
646,3518681,11773,110-CTy CP SX Nhua Duy Tan,KHONG KINH DOANH
647,3518682,11773,110-CTy CP SX Nhua Duy Tan,DANG KINH DOANH
648,3518688,11773,110-CTy CP SX Nhua Duy Tan,DANG KINH DOANH
653,3519231,11773,110-CTy CP SX Nhua Duy Tan,DANG KINH DOANH
654,3519232,11773,110-CTy CP SX Nhua Duy Tan,DANG KINH DOANH
655,3557778,15208,100-CN CT CP GiaDung GOLDSUN(TP.HN),KHONG KINH DOANH
656,3307987,12989,100-CTY TNHH SAMRAN,DANG KINH DOANH
658,3352971,16964,100-CTy TNHH Tan Hop Thanh,DANG KINH DOANH
659,3352974,16964,100-CTy TNHH Tan Hop Thanh,DANG KINH DOANH
661,3450259,11773,110-CTy CP SX Nhua Duy Tan,DANG KINH DOANH
662,3450271,11773,110-CTy CP SX Nhua Duy Tan,DANG KINH DOANH
664,3362388,11773,110-CTy CP SX Nhua Duy Tan,DANG KINH DOANH
682,3011821,11773,110-CTy CP SX Nhua Duy Tan,DANG KINH DOANH
683,3011822,11773,110-CTy CP SX Nhua Duy Tan,DANG KINH DOANH
684,3012259,11773,110-CTy CP SX Nhua Duy Tan,DANG KINH DOANH
685,3012260,11773,110-CTy CP SX Nhua Duy Tan,DANG KINH DOANH
686,3012311,11773,110-CTy CP SX Nhua Duy Tan,DANG KINH DOANH
688,3246587,12989,100-CTY TNHH SAMRAN,DANG KINH DOANH
689,3281313,11773,110-CTy CP SX Nhua Duy Tan,DANG KINH DOANH
690,3281318,11773,110-CTy CP SX Nhua Duy Tan,DANG KINH DOANH
691,3281320,11773,110-CTy CP SX Nhua Duy Tan,KHONG KINH DOANH
692,3281321,11773,110-CTy CP SX Nhua Duy Tan,DANG KINH DOANH
693,3281511,11773,110-CTy CP SX Nhua Duy Tan,DANG KINH DOANH
699,3282933,11773,110-CTy CP SX Nhua Duy Tan,KHONG KINH DOANH
700,3328714,11773,110-CTy CP SX Nhua Duy Tan,DANG KINH DOANH
701,3509253,11773,110-CTy CP SX Nhua Duy Tan,DANG KINH DOANH
704,3378042,16964,100-CTy TNHH Tan Hop Thanh,KHONG KINH DOANH
714,3217698,11777,100-CT CP Nhua Rang Dong Long An-NR,DANG KINH DOANH
718,3336962,16964,100-CTy TNHH Tan Hop Thanh,KHONG KINH DOANH
719,3336963,16964,100-CTy TNHH Tan Hop Thanh,KHONG KINH DOANH
722,3460722,11773,110-CTy CP SX Nhua Duy Tan,DANG KINH DOANH
723,3460723,11773,110-CTy CP SX Nhua Duy Tan,KHONG KINH DOANH
732,3400317,11773,110-CTy CP SX Nhua Duy Tan,KHONG KINH DOANH
733,3400318,11773,110-CTy CP SX Nhua Duy Tan,KHONG KINH DOANH
734,3400319,11773,110-CTy CP SX Nhua Duy Tan,KHONG KINH DOANH
739,3413586,11773,110-CTy CP SX Nhua Duy Tan,DANG KINH DOANH
742,3422249,11773,110-CTy CP SX Nhua Duy Tan,DANG KINH DOANH
743,3422251,11773,110-CTy CP SX Nhua Duy Tan,DANG KINH DOANH
744,3422252,11773,110-CTy CP SX Nhua Duy Tan,DANG KINH DOANH
745,3422259,11773,110-CTy CP SX Nhua Duy Tan,DANG KINH DOANH
747,3422473,11773,110-CTy CP SX Nhua Duy Tan,DANG KINH DOANH
748,3422474,11773,110-CTy CP SX Nhua Duy Tan,KHONG KINH DOANH
749,3422581,11773,110-CTy CP SX Nhua Duy Tan,DANG KINH DOANH
750,3422583,11773,110-CTy CP SX Nhua Duy Tan,DANG KINH DOANH
751,3542948,16964,100-CTy TNHH Tan Hop Thanh,DANG KINH DOANH
752,3542951,16964,100-CTy TNHH Tan Hop Thanh,DANG KINH DOANH
753,3543334,15208,100-CN CT CP GiaDung GOLDSUN(TP.HN),DANG KINH DOANH
754,3543871,11773,110-CTy CP SX Nhua Duy Tan,DANG KINH DOANH
755,3543872,11773,110-CTy CP SX Nhua Duy Tan,DANG KINH DOANH
760,3298487,16964,100-CTy TNHH Tan Hop Thanh,DANG KINH DOANH
761,3298488,16964,100-CTy TNHH Tan Hop Thanh,DANG KINH DOANH
762,3298489,16964,100-CTy TNHH Tan Hop Thanh,DANG KINH DOANH
763,3300069,12989,100-CTY TNHH SAMRAN,DANG KINH DOANH
764,3300070,11773,110-CTy CP SX Nhua Duy Tan,DANG KINH DOANH
765,3300071,11773,110-CTy CP SX Nhua Duy Tan,DANG KINH DOANH
774,3342477,11773,110-CTy CP SX Nhua Duy Tan,DANG KINH DOANH
775,3342479,11773,110-CTy CP SX Nhua Duy Tan,DANG KINH DOANH
776,3343026,16964,100-CTy TNHH Tan Hop Thanh,DANG KINH DOANH
777,3343029,16964,100-CTy TNHH Tan Hop Thanh,DANG KINH DOANH
778,3343030,16964,100-CTy TNHH Tan Hop Thanh,DANG KINH DOANH
779,3343031,16964,100-CTy TNHH Tan Hop Thanh,DANG KINH DOANH
781,3344279,11773,110-CTy CP SX Nhua Duy Tan,DANG KINH DOANH
782,3344291,16964,100-CTy TNHH Tan Hop Thanh,DANG KINH DOANH
783,3544249,11773,110-CTy CP SX Nhua Duy Tan,DANG KINH DOANH
784,3545124,11773,110-CTy CP SX Nhua Duy Tan,DANG KINH DOANH
787,3546388,11773,110-CTy CP SX Nhua Duy Tan,DANG KINH DOANH
788,3546389,11773,110-CTy CP SX Nhua Duy Tan,DANG KINH DOANH
789,3546390,11773,110-CTy CP SX Nhua Duy Tan,DANG KINH DOANH
790,3546391,11773,110-CTy CP SX Nhua Duy Tan,DANG KINH DOANH
791,3547498,11773,110-CTy CP SX Nhua Duy Tan,DANG KINH DOANH
792,3547499,11773,110-CTy CP SX Nhua Duy Tan,DANG KINH DOANH
793,3547500,11773,110-CTy CP SX Nhua Duy Tan,DANG KINH DOANH
794,3547501,11773,110-CTy CP SX Nhua Duy Tan,DANG KINH DOANH
795,3548190,11773,110-CTy CP SX Nhua Duy Tan,DANG KINH DOANH
798,3409368,11773,110-CTy CP SX Nhua Duy Tan,DANG KINH DOANH
799,3409369,11773,110-CTy CP SX Nhua Duy Tan,DANG KINH DOANH
800,3419129,11773,110-CTy CP SX Nhua Duy Tan,DANG KINH DOANH
801,3419602,11773,110-CTy CP SX Nhua Duy Tan,DANG KINH DOANH
802,3419603,11773,110-CTy CP SX Nhua Duy Tan,DANG KINH DOANH
803,3419605,11773,110-CTy CP SX Nhua Duy Tan,DANG KINH DOANH
804,3504123,15208,100-CN CT CP GiaDung GOLDSUN(TP.HN),KHONG KINH DOANH
805,3504124,15208,100-CN CT CP GiaDung GOLDSUN(TP.HN),KHONG KINH DOANH
807,3537715,15208,100-CN CT CP GiaDung GOLDSUN(TP.HN),DANG KINH DOANH
809,3538420,15208,100-CN CT CP GiaDung GOLDSUN(TP.HN),KHONG KINH DOANH
810,3538565,11773,110-CTy CP SX Nhua Duy Tan,DANG KINH DOANH
811,3538566,11773,110-CTy CP SX Nhua Duy Tan,DANG KINH DOANH
812,3538567,11773,110-CTy CP SX Nhua Duy Tan,DANG KINH DOANH
813,3538568,11773,110-CTy CP SX Nhua Duy Tan,DANG KINH DOANH
814,3538569,11773,110-CTy CP SX Nhua Duy Tan,DANG KINH DOANH
815,3538570,11773,110-CTy CP SX Nhua Duy Tan,DANG KINH DOANH
816,3538571,11773,110-CTy CP SX Nhua Duy Tan,DANG KINH DOANH
819,3538908,15208,100-CN CT CP GiaDung GOLDSUN(TP.HN),DANG KINH DOANH
820,3540798,20888,100-Cty CP SX TM Nhua Hoang Chau-NR,DANG KINH DOANH
823,3541385,11773,110-CTy CP SX Nhua Duy Tan,DANG KINH DOANH
824,3541386,11773,110-CTy CP SX Nhua Duy Tan,DANG KINH DOANH
825,3541387,11773,110-CTy CP SX Nhua Duy Tan,DANG KINH DOANH
826,3541388,11773,110-CTy CP SX Nhua Duy Tan,DANG KINH DOANH
827,3541389,11773,110-CTy CP SX Nhua Duy Tan,DANG KINH DOANH
828,3541390,11773,110-CTy CP SX Nhua Duy Tan,DANG KINH DOANH
829,3541391,11773,110-CTy CP SX Nhua Duy Tan,DANG KINH DOANH
830,3541392,11773,110-CTy CP SX Nhua Duy Tan,DANG KINH DOANH
836,3541467,15208,100-CN CT CP GiaDung GOLDSUN(TP.HN),KHONG KINH DOANH
837,3541546,11773,110-CTy CP SX Nhua Duy Tan,DANG KINH DOANH
838,3541547,11773,110-CTy CP SX Nhua Duy Tan,DANG KINH DOANH
839,3541924,11773,110-CTy CP SX Nhua Duy Tan,DANG KINH DOANH
840,3541939,11773,110-CTy CP SX Nhua Duy Tan,DANG KINH DOANH
841,3541940,11773,110-CTy CP SX Nhua Duy Tan,DANG KINH DOANH
842,3541941,11773,110-CTy CP SX Nhua Duy Tan,DANG KINH DOANH
852,3407767,11773,110-CTy CP SX Nhua Duy Tan,DANG KINH DOANH
